date,amount
02/12/20,46
04/30/20,72
06/22/20,274
03/19/20,54
03/24/20,288
05/23/20,304
10/03/20,109
12/22/20,144
10/06/20,485
10/15/20,235
03/09/20,215
10/05/20,86
05/05/20,118
05/15/20,328
04/15/20,153
02/11/20,402
06/24/20,143
12/17/20,100
01/26/20,23
08/05/20,385
03/28/20,306
08/24/20,359
11/05/20,291
01/25/20,45
07/26/20,104
01/03/20,203
07/03/20,74
05/31/20,47
03/21/20,353
09/11/20,425
01/22/20,162
12/11/20,139
03/24/20,369
08/07/20,492
07/18/20,63
01/18/20,372
08/24/20,351
06/17/20,459
06/06/20,140
12/16/20,279
12/18/20,121
10/05/20,139
03/22/20,447
10/13/20,348
11/24/20,33
11/29/20,347
06/05/20,24
08/16/20,469
04/20/20,472
01/17/20,61
01/30/20,353
09/09/20,275
03/18/20,74
08/24/20,67
07/11/20,431
08/22/20,433
02/14/20,30
11/21/20,169
01/22/20,60
12/19/20,388
09/14/20,70
11/17/20,229
01/22/20,121
02/11/20,476
01/04/20,171
12/31/20,455
05/22/20,321
08/13/20,249
08/07/20,204
06/02/20,333
12/02/20,474
10/27/20,172
09/02/20,317
03/15/20,458
07/03/20,39
10/12/20,279
04/06/20,339
04/21/20,177
04/12/20,439
02/01/20,462
10/11/20,355
10/06/20,207
02/26/20,208
08/12/20,271
11/14/20,166
09/01/20,70
03/17/20,62
12/01/20,208
11/16/20,483
10/29/20,359
06/06/20,281
07/25/20,142
04/27/20,349
09/20/20,259
03/09/20,355
01/22/20,456
07/05/20,431
02/11/20,393
10/20/20,102
06/25/20,451
10/03/20,44
02/02/20,415
01/12/20,142
01/31/20,101
12/12/20,426
04/22/20,288
12/10/20,202
12/27/20,449
05/30/20,258
09/28/20,297
08/11/20,334
04/12/20,139
09/18/20,465
04/29/20,397
05/25/20,324
09/05/20,113
12/17/20,335
05/20/20,386
06/05/20,30
04/13/20,349
05/01/20,407
12/11/20,19
08/01/20,311
08/01/20,319
03/23/20,391
10/24/20,120
04/13/20,273
10/15/20,191
10/29/20,253
12/23/20,109
05/15/20,355
01/27/20,92
01/04/20,66
06/10/20,144
02/07/20,286
03/08/20,176
04/09/20,192
07/29/20,40
12/04/20,384
01/11/20,104
10/24/20,275
09/13/20,155
10/18/20,232
07/31/20,16
07/04/20,31
02/17/20,374
03/08/20,311
11/30/20,38
11/09/20,230
07/17/20,24
10/01/20,216
11/29/20,456
06/17/20,487
09/08/20,169
07/01/20,162
10/24/20,263
05/27/20,364
09/06/20,349
12/03/20,311
02/04/20,114
12/11/20,453
01/31/20,50
05/27/20,82
03/21/20,473
01/19/20,133
05/05/20,43
05/18/20,370
10/18/20,141
05/02/20,377
07/16/20,134
11/03/20,145
09/12/20,364
07/21/20,450
10/09/20,90
11/29/20,273
08/27/20,497
01/16/20,362
08/04/20,429
11/13/20,210
03/26/20,81
10/18/20,409
12/20/20,27
09/11/20,435
07/05/20,201
03/30/20,149
03/20/20,360
06/29/20,331
08/21/20,70
02/03/20,199
09/27/20,389
09/02/20,302
10/03/20,467
10/29/20,31
05/02/20,90
06/20/20,343
11/16/20,255
07/24/20,338
10/24/20,231
02/25/20,54
09/18/20,431
06/22/20,68
06/24/20,382
03/01/20,109
10/10/20,74
02/05/20,304
11/02/20,368
06/30/20,405
10/12/20,374
07/04/20,351
09/15/20,46
11/28/20,280
05/03/20,415
11/28/20,198
10/18/20,284
09/01/20,144
03/16/20,42
10/31/20,482
05/05/20,494
09/18/20,22
08/14/20,80
10/17/20,371
08/03/20,364
11/11/20,59
01/22/20,459
08/01/20,486
03/26/20,398
11/10/20,450
09/05/20,395
07/03/20,449
04/30/20,353
11/23/20,344
12/18/20,353
12/10/20,49
10/06/20,133
05/11/20,458
05/05/20,422
12/16/20,100
04/04/20,158
07/16/20,225
08/26/20,281
05/17/20,242
01/13/20,204
06/12/20,294
03/17/20,234
04/01/20,266
02/07/20,20
09/19/20,311
05/14/20,315
02/15/20,281
05/29/20,498
10/17/20,273
11/27/20,454
05/25/20,193
11/22/20,277
11/17/20,167
06/06/20,400
02/08/20,173
07/12/20,269
11/15/20,474
05/17/20,389
03/21/20,88
05/01/20,266
09/11/20,34
12/02/20,268
10/22/20,275
09/28/20,264
03/09/20,318
08/27/20,325
09/27/20,43
05/28/20,287
09/26/20,364
07/05/20,199
06/08/20,252
08/04/20,13
02/18/20,25
05/29/20,446
05/28/20,380
02/02/20,122
09/19/20,472
06/05/20,138
09/09/20,484
11/12/20,293
04/03/20,129
09/20/20,62
06/06/20,86
09/16/20,470
07/31/20,297
03/04/20,167
04/30/20,463
09/26/20,492
12/21/20,225
12/20/20,340
10/27/20,337
04/28/20,55
05/08/20,497
08/23/20,490
05/02/20,195
11/23/20,471
06/14/20,56
03/27/20,193
08/16/20,339
02/23/20,132
07/25/20,104
12/12/20,366
07/25/20,450
06/19/20,223
03/20/20,318
06/10/20,156
04/26/20,246
09/23/20,17
10/08/20,47
04/21/20,247
12/12/20,121
01/04/20,464
04/21/20,409
03/05/20,363
12/18/20,275
12/21/20,245
02/26/20,137
11/26/20,455
10/22/20,126
07/24/20,149
05/04/20,289
07/27/20,464
12/23/20,478
03/25/20,80
01/22/20,356
01/15/20,18
04/28/20,481
01/25/20,262
08/21/20,270
09/01/20,454
07/17/20,195
02/02/20,326
01/26/20,179
08/29/20,247
04/27/20,331
10/27/20,311
05/08/20,281
12/23/20,111
05/09/20,420
06/24/20,39
10/13/20,81
11/20/20,243
02/06/20,239
11/02/20,102
11/04/20,101
07/23/20,68
12/30/20,234
07/23/20,214
11/03/20,408
12/17/20,364
10/06/20,477
12/09/20,228
04/10/20,88
08/14/20,192
08/15/20,55
09/04/20,50
02/10/20,389
07/11/20,300
10/23/20,231
05/21/20,477
01/01/20,341
08/11/20,169
11/25/20,226
10/18/20,140
05/12/20,290
11/19/20,339
10/12/20,79
07/12/20,162
07/24/20,155
01/16/20,369
08/07/20,420
07/26/20,323
08/19/20,247
03/06/20,324
07/14/20,119
01/03/20,261
01/02/20,120
04/04/20,476
08/29/20,486
10/13/20,333
02/16/20,209
12/26/20,415
12/05/20,187
01/02/20,482
08/28/20,433
11/02/20,226
08/19/20,383
05/19/20,226
08/13/20,350
11/30/20,449
04/28/20,308
06/15/20,341
05/10/20,498
02/11/20,200
03/26/20,214
12/26/20,93
11/16/20,153
06/06/20,185
09/14/20,218
05/18/20,300
03/11/20,352
01/03/20,115
06/12/20,479
07/30/20,131
07/03/20,465
10/03/20,351
04/11/20,49
01/05/20,314
05/23/20,178
10/12/20,476
11/07/20,55
07/31/20,147
04/22/20,371
05/14/20,182
04/02/20,146
01/30/20,481
03/31/20,445
03/11/20,219
12/21/20,394
02/27/20,325
09/14/20,238
02/09/20,459
06/09/20,228
02/25/20,176
03/12/20,358
10/04/20,35
11/06/20,471
03/16/20,198
09/22/20,17
01/24/20,217
02/11/20,179
02/24/20,327
03/24/20,287
07/01/20,230
04/17/20,90
08/25/20,490
10/01/20,160
04/11/20,68
11/09/20,157
03/26/20,193
06/27/20,198
10/22/20,479
11/02/20,23
12/08/20,203
03/19/20,360
03/26/20,61
10/22/20,288
10/18/20,304
11/05/20,268
07/15/20,317
03/10/20,39
07/27/20,499
03/29/20,156
10/13/20,159
05/20/20,58
06/02/20,71
11/27/20,58
12/23/20,220
01/06/20,445
06/01/20,350
01/18/20,141
03/15/20,256
05/25/20,280
07/22/20,197
07/06/20,40
09/17/20,267
09/21/20,437
10/23/20,429
12/26/20,389
09/23/20,243
10/03/20,240
11/09/20,15
02/29/20,387
05/23/20,436
01/29/20,398
01/16/20,478
11/22/20,121
09/03/20,162
05/23/20,225
05/20/20,205
10/15/20,26
09/09/20,72
05/30/20,258
05/06/20,62
05/26/20,170
03/10/20,238
01/10/20,179
01/27/20,222
11/01/20,484
09/10/20,194
03/29/20,330
04/17/20,233
01/22/20,445
10/11/20,488
12/13/20,346
06/19/20,385
11/22/20,431
11/21/20,341
01/12/20,125
05/05/20,270
02/02/20,308
02/24/20,201
05/11/20,190
08/18/20,97
08/18/20,466
08/08/20,318
11/14/20,169
08/26/20,329
11/16/20,111
01/13/20,354
06/09/20,494
07/15/20,233
05/10/20,419
08/28/20,254
08/03/20,169
03/30/20,284
04/08/20,225
07/29/20,286
02/05/20,253
10/18/20,102
01/17/20,229
11/01/20,431
05/01/20,454
07/26/20,242
09/16/20,85
09/02/20,299
09/02/20,411
03/14/20,198
09/29/20,91
04/04/20,338
05/16/20,242
04/09/20,92
04/05/20,106
07/08/20,249
01/01/20,244
09/12/20,229
10/31/20,52
05/26/20,493
07/02/20,391
07/03/20,352
12/19/20,151
04/29/20,391
12/23/20,240
03/21/20,309
09/05/20,484
08/31/20,477
10/30/20,126
09/17/20,294
03/24/20,10
01/21/20,37
07/11/20,230
03/19/20,154
01/13/20,184
02/03/20,122
07/29/20,324
06/09/20,378
02/02/20,413
10/14/20,468
03/06/20,52
01/06/20,477
07/24/20,31
12/03/20,29
05/25/20,203
11/26/20,92
08/01/20,429
07/10/20,160
01/13/20,494
02/27/20,50
06/09/20,455
07/10/20,105
02/06/20,339
08/05/20,25
09/01/20,127
03/01/20,146
10/08/20,141
05/28/20,35
10/19/20,377
03/09/20,215
06/12/20,188
03/13/20,38
11/19/20,126
10/07/20,157
05/20/20,151
11/14/20,305
04/12/20,69
11/02/20,96
07/18/20,123
12/29/20,343
11/24/20,52
08/06/20,118
11/13/20,364
11/30/20,455
10/02/20,244
04/19/20,23
02/16/20,397
02/04/20,450
07/01/20,36
02/06/20,179
04/13/20,402
11/23/20,135
02/24/20,373
05/12/20,493
09/09/20,288
01/10/20,216
10/22/20,179
04/15/20,147
07/14/20,143
06/04/20,252
06/22/20,50
01/31/20,99
08/15/20,39
11/03/20,307
05/24/20,36
06/24/20,132
10/19/20,443
03/12/20,239
10/26/20,84
05/16/20,57
01/30/20,209
01/02/20,396
01/23/20,408
09/16/20,76
05/21/20,437
05/25/20,180
05/21/20,449
05/26/20,292
06/14/20,298
06/05/20,54
05/17/20,221
01/30/20,497
11/29/20,230
07/09/20,459
06/02/20,165
11/15/20,239
03/17/20,367
03/19/20,419
10/05/20,153
12/08/20,244
10/03/20,173
02/23/20,137
05/23/20,192
01/05/20,469
04/09/20,174
07/01/20,493
12/14/20,276
08/29/20,220
08/30/20,347
01/01/20,324
11/15/20,65
10/16/20,488
05/21/20,400
07/27/20,490
05/20/20,389
08/24/20,43
06/19/20,444
05/10/20,266
03/30/20,147
11/06/20,77
07/11/20,343
12/29/20,311
10/21/20,84
08/16/20,370
05/05/20,33
07/28/20,226
07/27/20,368
01/10/20,79
08/01/20,30
11/26/20,331
09/19/20,297
11/26/20,450
07/13/20,30
03/06/20,57
03/28/20,416
04/13/20,120
03/26/20,297
01/25/20,330
11/11/20,113
04/20/20,28
06/11/20,49
02/11/20,222
11/13/20,329
04/28/20,403
04/01/20,189
10/23/20,197
05/10/20,222
12/23/20,105
05/24/20,471
05/06/20,452
10/28/20,99
01/16/20,18
10/12/20,11
02/27/20,336
03/10/20,448
11/09/20,188
07/27/20,449
10/27/20,379
05/13/20,318
08/14/20,379
10/13/20,175
02/10/20,279
07/07/20,479
12/01/20,195
08/08/20,179
09/20/20,356
10/20/20,219
04/20/20,222
06/13/20,470
09/26/20,392
07/16/20,220
05/11/20,181
01/02/20,404
10/01/20,378
01/28/20,392
08/07/20,282
01/16/20,479
06/26/20,41
03/21/20,444
09/28/20,86
11/28/20,34
08/28/20,223
03/28/20,355
01/27/20,304
02/21/20,424
08/29/20,56
06/16/20,226
07/30/20,94
10/12/20,129
04/30/20,499
11/02/20,464
11/07/20,268
05/20/20,20
12/04/20,285
02/14/20,257
07/06/20,488
01/25/20,134
02/23/20,469
05/25/20,139
08/10/20,118
05/27/20,77
05/17/20,175
02/01/20,206
07/28/20,429
02/20/20,320
12/24/20,263
06/21/20,170
01/10/20,18
05/24/20,431
03/03/20,23
11/16/20,332
11/23/20,45
12/08/20,129
06/02/20,299
10/17/20,312
08/28/20,427
04/08/20,175
05/27/20,462
05/18/20,91
06/27/20,353
01/04/20,178
05/24/20,476
09/11/20,320
07/20/20,428
06/30/20,397
07/07/20,443
08/01/20,211
08/17/20,407
09/29/20,27
09/12/20,184
05/17/20,71
09/22/20,77
01/31/20,425
01/04/20,14
09/21/20,165
07/22/20,172
04/03/20,500
07/24/20,464
01/27/20,246
03/14/20,140
06/22/20,148
10/14/20,104
07/17/20,464
06/12/20,376
07/16/20,21
03/03/20,12
09/25/20,59
11/04/20,33
01/12/20,164
08/23/20,77
05/23/20,167
09/12/20,445
08/12/20,275
12/13/20,492
08/30/20,471
09/06/20,500
10/22/20,159
03/21/20,415
04/13/20,11
08/21/20,425
07/30/20,303
06/12/20,26
01/30/20,185
12/02/20,196
06/20/20,463
11/01/20,290
01/25/20,137
08/26/20,155
05/20/20,439
09/10/20,353
12/14/20,132
04/28/20,270
12/18/20,395
02/10/20,73
03/18/20,370
07/24/20,205
10/17/20,170
10/12/20,180
12/15/20,387
09/19/20,395
05/16/20,29
12/09/20,359
04/18/20,252
11/17/20,251
08/03/20,189
10/28/20,71
11/10/20,194
10/01/20,341
12/30/20,308
09/01/20,31
05/15/20,441
09/16/20,232
01/16/20,303
07/19/20,351
08/14/20,458
07/19/20,305
01/05/20,478
07/16/20,136
05/17/20,492
06/14/20,100
03/27/20,94
05/12/20,214
02/02/20,200
01/09/20,382
08/19/20,283
12/27/20,39
11/29/20,148
12/04/20,183
03/11/20,335
09/13/20,232
07/29/20,494
11/29/20,439
05/11/20,421
06/16/20,261
10/03/20,378
10/09/20,140
09/23/20,329
08/06/20,260
01/15/20,319
08/24/20,29
11/15/20,307
05/14/20,107
10/09/20,311
05/29/20,439
05/24/20,276
12/19/20,159
12/03/20,261
11/08/20,362
07/22/20,60
03/15/20,262
09/28/20,61
12/09/20,330
11/27/20,285
09/07/20,268
04/03/20,463
09/14/20,100
04/10/20,324
05/29/20,86
08/23/20,363
05/30/20,151
01/21/20,391
10/02/20,444
10/29/20,446
09/29/20,140
12/25/20,148
09/20/20,87
06/22/20,437
03/20/20,310
03/16/20,391
01/28/20,149
09/26/20,331
04/17/20,482
05/01/20,65
09/27/20,94
05/02/20,48
02/06/20,485
03/08/20,494
05/19/20,387
07/19/20,116
11/27/20,81
03/01/20,32
06/27/20,329
07/01/20,492
07/16/20,370
07/30/20,356
11/03/20,391
06/09/20,338
09/28/20,154
07/18/20,225
02/11/20,317
05/29/20,452
05/22/20,19
03/06/20,86
01/13/20,414
10/09/20,174
02/26/20,315
09/11/20,53
04/15/20,311
04/21/20,425
10/02/20,38
11/19/20,45
07/05/20,95
11/27/20,412
03/14/20,351
04/20/20,290
05/03/20,430
11/30/20,363
05/26/20,301
06/25/20,160
04/15/20,115
05/09/20,203
05/08/20,447
08/26/20,124
06/20/20,226
01/23/20,257
04/21/20,63
08/13/20,271
08/27/20,66
06/23/20,356
10/26/20,122
07/13/20,400
05/30/20,344
01/05/20,177
09/23/20,271
09/16/20,363
09/20/20,446
03/25/20,235
09/04/20,27
08/27/20,291
05/25/20,310
10/16/20,176
09/19/20,326
05/16/20,253
05/22/20,306
10/18/20,190
07/08/20,440
12/30/20,129
04/09/20,379
11/26/20,423
05/01/20,378
05/15/20,175
02/22/20,493
03/09/20,419
07/04/20,50
01/16/20,241
01/08/20,319
09/02/20,37
11/17/20,496
11/02/20,457
09/03/20,107
06/24/20,288
05/27/20,164
07/22/20,133
11/04/20,82
08/30/20,112
09/28/20,316
11/25/20,477
04/21/20,242
12/09/20,267
03/10/20,40
11/18/20,263
01/29/20,288
01/22/20,386
02/08/20,379
07/13/20,391
06/22/20,199
12/19/20,453
04/30/20,405
07/12/20,163
12/28/20,275
12/12/20,252
11/16/20,332
03/16/20,220
07/20/20,61
11/18/20,256
11/14/20,430
04/20/20,303
10/12/20,40
03/13/20,166
06/30/20,30
05/23/20,217
03/14/20,201
09/23/20,136
12/06/20,208
08/09/20,185
04/05/20,256
08/07/20,279
09/17/20,183
01/05/20,69
11/09/20,94
09/11/20,355
10/20/20,159
02/16/20,171
04/16/20,486
08/07/20,199
04/11/20,410
06/27/20,484
11/01/20,129
05/26/20,424
07/07/20,426
09/04/20,227
11/17/20,279
07/17/20,62
04/26/20,57
12/16/20,63
03/28/20,474
04/03/20,197
12/12/20,437
09/21/20,449
05/06/20,382
01/16/20,292
01/03/20,175
06/01/20,423
11/29/20,32
06/04/20,123
08/18/20,485
05/11/20,39
01/03/20,480
03/15/20,308
04/04/20,43
09/05/20,389
04/06/20,47
02/03/20,338
11/20/20,254
04/12/20,397
12/22/20,101
11/04/20,492
09/26/20,272
06/07/20,324
07/07/20,206
04/01/20,196
03/31/20,467
04/03/20,111
06/09/20,401
05/16/20,198
07/04/20,208
07/29/20,331
03/04/20,368
08/29/20,304
07/20/20,258
05/13/20,183
01/31/20,285
09/28/20,34
06/26/20,168
05/06/20,281
03/12/20,424
02/06/20,479
10/14/20,366
06/25/20,146
04/17/20,68
10/28/20,465
04/18/20,303
01/29/20,217
03/18/20,397
05/03/20,141
11/26/20,196
04/30/20,195
06/08/20,472
09/07/20,460
11/06/20,390
11/13/20,234
11/02/20,395
08/26/20,124
07/23/20,133
11/06/20,456
07/30/20,127
08/15/20,414
09/27/20,385
06/26/20,129
03/14/20,13
10/05/20,451
05/24/20,32
05/29/20,149
07/10/20,247
08/28/20,286
01/07/20,49
10/03/20,264
02/09/20,236
08/25/20,137
05/03/20,151
08/27/20,359
04/29/20,91
01/10/20,475
07/18/20,425
07/11/20,74
03/27/20,316
07/13/20,278
03/10/20,220
02/25/20,19
09/07/20,302
02/19/20,271
06/28/20,192
02/20/20,52
01/06/20,291
04/08/20,91
05/28/20,147
08/11/20,81
12/03/20,308
01/18/20,185
10/13/20,136
02/23/20,255
06/20/20,257
08/01/20,389
04/08/20,490
11/13/20,57
11/29/20,292
06/09/20,74
12/29/20,91
03/27/20,445
12/20/20,267
08/02/20,55
10/24/20,436
04/15/20,378
04/27/20,126
01/01/20,150
01/02/20,416
02/15/20,260
05/12/20,170
11/11/20,25
04/21/20,226
03/10/20,451
05/09/20,346
08/05/20,378
04/11/20,381
02/18/20,29
05/15/20,79
08/09/20,246
07/19/20,307
07/25/20,174
11/28/20,246
05/20/20,463
03/15/20,338
08/20/20,388
09/15/20,65
07/03/20,171
04/01/20,108
05/10/20,126
04/02/20,307
11/06/20,412
01/10/20,386
09/06/20,442
10/21/20,260
01/23/20,168
09/11/20,117
08/12/20,199
05/25/20,459
12/07/20,33
10/02/20,420
01/14/20,464
08/05/20,70
02/28/20,242
07/15/20,294
05/17/20,72
11/06/20,272
02/02/20,226
07/16/20,436
03/06/20,52
06/05/20,413
04/12/20,177
10/28/20,243
11/10/20,244
11/08/20,454
04/04/20,425
09/22/20,314
07/17/20,473
05/31/20,26
08/23/20,107
05/01/20,79
07/11/20,311
08/28/20,211
02/18/20,199
10/04/20,165
01/04/20,142
12/21/20,181
12/20/20,94
09/10/20,148
05/18/20,170
11/23/20,51
02/01/20,58
04/27/20,295
11/11/20,298
02/17/20,272
08/02/20,459
11/09/20,136
04/30/20,492
08/23/20,490
06/26/20,72
11/19/20,453
05/05/20,448
11/29/20,396
12/02/20,221
02/04/20,117
12/07/20,331
01/02/20,427
03/20/20,132
08/16/20,120
12/29/20,440
08/03/20,193
02/14/20,254
10/15/20,377
10/13/20,49
09/14/20,17
11/26/20,327
01/27/20,426
01/22/20,98
02/06/20,435
04/09/20,61
10/26/20,158
02/03/20,268
12/25/20,18
07/21/20,296
03/17/20,96
01/05/20,425
06/24/20,374
01/12/20,464
10/09/20,343
05/13/20,186
11/17/20,125
11/16/20,169
05/16/20,436
03/16/20,218
06/29/20,406
07/19/20,457
11/20/20,108
12/06/20,313
11/07/20,176
11/19/20,65
07/07/20,43
03/22/20,251
08/17/20,211
12/17/20,449
10/11/20,111
11/04/20,488
01/04/20,447
12/05/20,57
03/21/20,37
11/03/20,34
04/28/20,457
10/13/20,482
11/07/20,312
09/03/20,124
12/28/20,140
01/10/20,124
10/23/20,332
09/11/20,198
02/01/20,276
12/04/20,20
01/31/20,196
07/11/20,373
12/09/20,279
10/07/20,341
11/16/20,187
08/03/20,208
06/10/20,84
12/08/20,412
07/04/20,483
05/23/20,247
11/25/20,468
12/17/20,231
08/22/20,457
09/19/20,491
08/01/20,469
05/27/20,17
12/03/20,368
10/04/20,215
05/03/20,428
09/04/20,396
08/24/20,235
07/22/20,445
10/22/20,33
12/10/20,364
10/27/20,469
05/13/20,353
12/17/20,320
02/14/20,346
01/19/20,109
08/17/20,396
04/22/20,353
03/15/20,495
02/15/20,186
01/28/20,173
04/18/20,358
04/03/20,500
10/07/20,253
07/17/20,486
01/16/20,313
07/11/20,176
04/05/20,296
05/05/20,419
01/29/20,178
04/18/20,210
06/06/20,358
07/23/20,274
12/02/20,264
03/08/20,415
01/26/20,450
12/04/20,291
03/23/20,14
10/07/20,74
04/15/20,191
06/21/20,238
04/05/20,475
05/27/20,235
07/12/20,20
11/23/20,188
05/29/20,375
04/10/20,436
07/04/20,27
10/05/20,162
03/18/20,441
04/24/20,192
02/04/20,175
10/01/20,425
01/19/20,126
07/19/20,54
04/15/20,161
05/04/20,211
06/26/20,278
04/20/20,373
08/05/20,365
06/16/20,31
01/26/20,245
11/02/20,310
12/11/20,475
05/14/20,65
12/05/20,499
05/24/20,485
05/09/20,125
08/23/20,87
11/19/20,77
10/19/20,119
01/30/20,331
01/24/20,469
12/02/20,467
04/27/20,174
04/16/20,424
09/06/20,205
05/08/20,273
02/13/20,418
09/23/20,157
04/03/20,19
08/11/20,437
06/26/20,469
05/01/20,63
08/31/20,25
06/22/20,150
12/29/20,144
07/22/20,48
08/03/20,470
03/22/20,184
03/04/20,57
07/09/20,262
02/17/20,420
10/15/20,335
09/04/20,428
03/25/20,59
01/20/20,98
03/06/20,266
06/03/20,319
03/21/20,363
06/05/20,282
01/22/20,465
12/05/20,12
08/17/20,234
02/14/20,321
10/23/20,84
12/14/20,485
01/01/20,458
05/26/20,399
10/06/20,369
07/09/20,106
09/09/20,128
09/15/20,338
09/24/20,499
04/05/20,395
09/10/20,80
12/31/20,134
01/26/20,29
11/03/20,255
01/05/20,458
03/13/20,321
01/29/20,477
06/18/20,321
04/03/20,218
12/11/20,416
09/15/20,194
05/19/20,250
12/02/20,417
08/22/20,214
11/29/20,80
08/15/20,129
03/18/20,241
11/17/20,163
05/16/20,125
10/03/20,30
03/12/20,59
10/11/20,342
06/24/20,91
08/16/20,231
04/09/20,81
11/03/20,367
03/15/20,343
01/15/20,17
04/15/20,76
08/08/20,271
06/15/20,195
08/25/20,176
05/08/20,364
01/29/20,330
03/08/20,150
01/28/20,467
07/11/20,314
08/18/20,276
10/16/20,166
09/30/20,244
12/23/20,25
01/25/20,471
07/04/20,321
07/14/20,50
07/17/20,348
03/02/20,155
11/17/20,263
01/04/20,168
01/07/20,475
04/03/20,100
01/27/20,143
10/14/20,472
11/15/20,16
04/11/20,27
04/22/20,442
11/21/20,373
08/22/20,327
12/12/20,400
08/20/20,481
11/08/20,115
03/01/20,46
02/03/20,227
04/01/20,78
06/28/20,364
08/23/20,339
05/11/20,431
07/14/20,304
07/02/20,133
11/11/20,455
01/20/20,221
04/14/20,12
04/10/20,381
06/20/20,47
11/30/20,206
08/31/20,256
07/14/20,59
11/09/20,389
02/19/20,140
04/20/20,274
07/17/20,287
10/30/20,121
01/15/20,152
11/20/20,135
11/14/20,154
10/31/20,321
08/16/20,49
09/21/20,16
04/05/20,401
01/16/20,452
08/05/20,464
01/08/20,392
04/25/20,120
10/07/20,185
10/22/20,194
04/10/20,468
05/18/20,318
04/18/20,370
03/20/20,144
03/04/20,316
04/13/20,318
12/30/20,323
01/31/20,423
09/30/20,465
10/26/20,339
02/13/20,479
12/04/20,293
06/28/20,347
06/18/20,166
06/21/20,227
04/24/20,264
11/28/20,431
10/15/20,218
06/27/20,308
10/14/20,367
11/01/20,27
08/04/20,380
09/29/20,168
03/27/20,435
05/08/20,240
05/06/20,24
12/28/20,312
11/01/20,413
11/18/20,318
09/09/20,430
05/02/20,359
05/01/20,337
07/01/20,478
06/20/20,415
09/03/20,114
10/19/20,235
09/05/20,400
08/11/20,339
01/01/20,356
04/10/20,180
02/13/20,189
01/01/20,442
12/03/20,447
12/24/20,35
03/06/20,256
08/01/20,490
09/26/20,403
09/28/20,172
12/26/20,145
01/03/20,400
07/31/20,411
12/26/20,462
05/25/20,326
08/15/20,66
07/22/20,181
07/13/20,318
11/29/20,315
06/29/20,172
08/27/20,187
03/23/20,177
10/25/20,327
07/31/20,220
11/13/20,485
10/30/20,104
02/16/20,30
11/06/20,103
06/16/20,371
10/03/20,168
06/13/20,208
08/14/20,164
03/04/20,241
10/05/20,251
09/21/20,347
07/07/20,197
12/22/20,61
08/12/20,367
09/09/20,153
12/23/20,96
04/05/20,306
06/25/20,161
07/23/20,17
07/02/20,62
12/07/20,287
07/23/20,197
09/10/20,123
05/28/20,158
05/15/20,77
04/05/20,342
06/02/20,450
08/24/20,279
10/12/20,234
07/14/20,69
04/10/20,362
12/27/20,267
05/25/20,342
05/19/20,198
06/20/20,101
08/20/20,471
05/12/20,46
06/09/20,171
11/23/20,16
04/11/20,355
10/29/20,198
05/30/20,60
09/26/20,371
03/25/20,373
07/21/20,52
06/10/20,289
01/21/20,404
12/19/20,412
09/20/20,458
08/29/20,184
12/11/20,416
09/11/20,385
03/19/20,493
05/04/20,409
07/07/20,417
01/12/20,83
05/05/20,85
07/19/20,398
11/01/20,139
09/12/20,188
05/13/20,234
07/07/20,85
01/17/20,227
04/01/20,220
07/12/20,90
01/29/20,48
06/30/20,262
04/15/20,437
07/16/20,461
07/19/20,118
05/08/20,46
03/26/20,278
01/30/20,400
09/13/20,135
09/23/20,75
04/07/20,170
03/30/20,160
08/18/20,467
01/13/20,362
12/16/20,276
05/02/20,163
11/05/20,105
11/22/20,143
04/05/20,80
08/01/20,125
08/05/20,102
10/19/20,363
09/30/20,246
09/25/20,351
06/16/20,98
02/25/20,80
02/22/20,450
02/10/20,156
10/19/20,252
01/01/20,470
08/06/20,260
06/29/20,364
03/15/20,54
06/28/20,104
03/16/20,344
10/07/20,121
06/04/20,74
02/10/20,388
08/23/20,197
03/03/20,46
05/19/20,133
09/11/20,128
08/18/20,221
09/14/20,310
01/24/20,423
12/21/20,82
03/23/20,230
04/27/20,489
10/20/20,148
06/29/20,70
11/21/20,472
02/09/20,148
12/27/20,450
11/28/20,267
10/28/20,139
07/15/20,344
01/25/20,273
03/19/20,420
01/08/20,206
12/02/20,64
01/28/20,31
06/22/20,63
10/05/20,41
05/01/20,34
03/29/20,303
12/20/20,494
06/25/20,266
08/16/20,195
10/01/20,352
01/28/20,364
09/19/20,40
04/01/20,334
12/03/20,440
04/01/20,413
01/02/20,292
11/11/20,233
02/09/20,153
02/09/20,398
03/24/20,257
11/06/20,177
09/16/20,478
04/18/20,335
04/28/20,291
04/30/20,459
03/27/20,334
10/24/20,471
06/25/20,418
11/04/20,183
02/28/20,161
04/26/20,409
12/07/20,312
05/07/20,327
07/27/20,108
02/03/20,476
03/29/20,225
06/26/20,155
06/20/20,216
07/02/20,307
07/12/20,239
07/10/20,128
09/30/20,407
01/16/20,157
03/09/20,314
11/17/20,178
07/16/20,412
01/12/20,104
12/03/20,413
07/08/20,202
01/01/20,217
09/11/20,119
11/25/20,86
03/11/20,297
12/05/20,399
06/28/20,134
10/30/20,117
11/13/20,247
12/14/20,58
12/24/20,112
09/06/20,493
05/12/20,84
07/03/20,500
10/23/20,441
11/24/20,411
01/30/20,221
06/29/20,58
11/09/20,221
05/03/20,261
01/06/20,127
09/25/20,434
10/29/20,332
08/11/20,318
11/12/20,490
02/29/20,377
10/26/20,272
04/22/20,22
08/06/20,374
07/29/20,137
02/12/20,249
05/09/20,34
11/18/20,181
12/10/20,223
01/28/20,460
01/12/20,230
05/01/20,133
09/29/20,341
09/20/20,468
03/02/20,93
10/20/20,303
07/29/20,168
04/07/20,211
09/27/20,354
04/12/20,410
12/24/20,474
09/01/20,158
09/11/20,251
12/08/20,495
09/06/20,469
08/17/20,297
09/04/20,491
04/02/20,303
01/08/20,40
04/29/20,149
02/22/20,323
07/01/20,254
11/07/20,191
02/19/20,332
10/06/20,333
07/17/20,198
09/14/20,374
08/12/20,19
05/19/20,341
09/19/20,22
09/02/20,335
10/05/20,464
04/20/20,280
09/27/20,321
04/17/20,388
04/05/20,70
01/22/20,479
09/22/20,82
11/20/20,60
06/08/20,349
03/28/20,423
02/02/20,97
10/18/20,96
03/28/20,35
10/28/20,180
01/16/20,394
11/30/20,440
09/18/20,53
03/12/20,239
05/19/20,302
01/18/20,349
05/20/20,204
03/02/20,353
03/25/20,137
03/30/20,107
03/26/20,294
06/18/20,299
12/31/20,372
08/05/20,83
02/07/20,207
10/19/20,354
03/03/20,146
02/21/20,36
11/29/20,127
12/14/20,125
07/08/20,304
06/10/20,40
01/20/20,461
12/30/20,12
11/18/20,440
07/17/20,95
07/19/20,353
12/09/20,191
03/06/20,18
10/22/20,101
03/29/20,91
01/04/20,148
08/11/20,386
01/18/20,84
07/07/20,432
10/12/20,224
10/18/20,179
03/08/20,216
04/23/20,411
06/15/20,242
02/20/20,384
03/21/20,356
09/23/20,301
03/26/20,95
01/18/20,329
07/07/20,243
08/05/20,96
03/15/20,41
03/19/20,465
10/27/20,152
02/19/20,297
10/21/20,334
02/18/20,140
12/06/20,242
08/18/20,19
08/07/20,431
08/14/20,269
05/16/20,240
12/31/20,326
07/18/20,397
05/04/20,197
03/05/20,241
11/11/20,453
04/04/20,380
02/27/20,89
05/03/20,189
05/30/20,66
07/04/20,212
05/30/20,114
04/26/20,352
09/16/20,442
08/03/20,270
07/06/20,112
04/05/20,426
05/29/20,491
07/22/20,191
12/17/20,438
03/29/20,61
03/01/20,264
01/23/20,255
11/12/20,33
08/11/20,453
03/30/20,415
01/04/20,281
04/14/20,138
01/27/20,300
10/11/20,89
03/09/20,365
05/14/20,399
06/18/20,188
10/22/20,148
04/19/20,32
11/10/20,165
04/21/20,261
12/08/20,26
01/09/20,414
10/04/20,77
08/02/20,424
06/29/20,232
07/10/20,440
05/05/20,16
07/06/20,440
01/29/20,443
09/28/20,439
03/30/20,37
11/05/20,183
10/14/20,362
11/04/20,443
03/29/20,56
05/30/20,213
09/12/20,85
05/07/20,431
10/12/20,363
04/15/20,56
07/03/20,452
11/06/20,204
01/23/20,299
02/21/20,106
10/12/20,331
05/31/20,408
01/10/20,391
08/20/20,17
10/31/20,208
10/16/20,498
11/02/20,454
01/19/20,183
07/07/20,117
06/28/20,10
01/07/20,116
02/08/20,410
03/14/20,219
08/25/20,423
01/16/20,137
10/13/20,110
02/29/20,62
12/27/20,454
07/18/20,131
09/05/20,274
02/22/20,184
04/12/20,206
02/23/20,313
11/04/20,216
04/29/20,383
11/05/20,109
08/16/20,203
08/25/20,210
06/18/20,63
12/04/20,483
09/10/20,228
12/11/20,107
08/04/20,289
06/21/20,183
02/25/20,382
03/27/20,174
06/13/20,438
11/08/20,111
01/21/20,437
06/19/20,96
10/19/20,82
01/26/20,268
04/28/20,371
08/07/20,436
12/04/20,65
03/13/20,466
08/28/20,99
03/05/20,44
03/23/20,415
01/08/20,488
04/17/20,232
08/25/20,268
11/23/20,397
07/05/20,358
03/30/20,364
06/23/20,185
05/06/20,442
06/24/20,442
11/26/20,495
12/27/20,396
05/09/20,416
07/21/20,226
05/07/20,298
11/01/20,262
02/22/20,131
02/26/20,355
05/03/20,249
07/04/20,223
08/16/20,320
04/19/20,253
08/10/20,203
10/22/20,213
04/10/20,266
02/23/20,434
10/07/20,275
11/05/20,216
10/19/20,302
10/17/20,376
01/30/20,281
11/05/20,25
09/17/20,418
04/29/20,137
08/22/20,18
08/14/20,12
05/08/20,283
05/12/20,234
03/21/20,360
06/15/20,196
12/09/20,54
12/02/20,310
05/18/20,146
10/03/20,478
09/11/20,248
11/19/20,254
09/17/20,85
04/20/20,202
08/11/20,410
05/08/20,167
07/16/20,82
10/11/20,363
04/18/20,36
06/26/20,238
08/25/20,298
08/15/20,362
07/31/20,250
10/08/20,265
05/04/20,215
01/28/20,396
04/04/20,411
12/10/20,65
09/06/20,140
11/06/20,380
12/15/20,34
05/05/20,137
05/19/20,111
11/02/20,396
03/13/20,379
06/15/20,319
12/31/20,276
07/16/20,407
02/08/20,296
01/05/20,304
10/27/20,232
04/23/20,237
05/01/20,297
05/30/20,113
11/05/20,456
08/30/20,458
07/18/20,272
08/03/20,297
04/04/20,133
02/06/20,445
02/20/20,103
05/31/20,340
05/25/20,84
05/17/20,24
09/19/20,146
12/28/20,99
03/22/20,52
01/15/20,367
07/29/20,51
11/13/20,385
05/30/20,321
05/15/20,487
08/31/20,265
07/17/20,387
05/06/20,46
04/19/20,46
11/13/20,198
07/20/20,59
01/13/20,228
04/09/20,40
09/26/20,96
08/20/20,327
01/13/20,204
04/09/20,272
11/13/20,331
10/03/20,153
07/28/20,457
11/29/20,106
12/25/20,16
05/30/20,456
04/13/20,169
07/09/20,254
04/24/20,107
12/05/20,424
10/02/20,158
07/23/20,282
05/19/20,36
07/10/20,112
06/07/20,393
01/26/20,467
11/13/20,314
02/22/20,449
07/06/20,16
08/05/20,133
04/23/20,464
03/10/20,476
10/27/20,140
02/24/20,207
07/30/20,317
04/06/20,432
06/10/20,260
01/05/20,64
12/25/20,32
11/03/20,39
01/08/20,77
02/17/20,158
04/22/20,140
12/19/20,21
06/09/20,205
07/13/20,486
10/11/20,206
10/20/20,201
11/13/20,457
08/30/20,295
11/21/20,354
04/07/20,284
03/16/20,10
11/18/20,69
01/28/20,347
07/21/20,47
10/20/20,377
05/13/20,489
02/10/20,143
06/19/20,265
02/10/20,15
09/26/20,118
03/29/20,50
06/04/20,181
11/03/20,58
02/22/20,340
06/05/20,366
08/25/20,143
05/25/20,202
07/23/20,271
02/21/20,29
02/06/20,22
05/09/20,432
01/04/20,105
03/27/20,262
03/07/20,77
07/02/20,232
05/10/20,468
05/31/20,87
03/05/20,491
11/23/20,228
08/01/20,423
03/12/20,388
03/08/20,53
09/13/20,57
06/19/20,189
09/07/20,360
06/10/20,275
05/01/20,395
12/01/20,429
07/30/20,346
04/21/20,34
08/21/20,223
04/12/20,493
11/29/20,440
08/08/20,280
08/12/20,387
11/08/20,435
09/17/20,153
05/04/20,421
04/14/20,38
04/05/20,425
09/05/20,372
01/20/20,161
10/07/20,350
02/19/20,255
04/16/20,87
09/07/20,364
09/21/20,140
09/08/20,465
06/09/20,147
05/17/20,398
09/28/20,497
12/23/20,258
07/01/20,105
04/10/20,260
09/25/20,427
11/30/20,127
03/14/20,417
12/18/20,328
03/07/20,30
06/27/20,141
07/23/20,216
06/16/20,73
08/16/20,210
06/12/20,161
09/15/20,12
07/23/20,442
02/20/20,449
04/15/20,379
10/12/20,250
01/10/20,440
08/13/20,125
02/03/20,259
04/24/20,227
12/23/20,250
06/21/20,126
04/13/20,66
06/29/20,246
11/19/20,303
04/05/20,297
03/11/20,334
01/05/20,484
02/15/20,74
03/21/20,290
04/20/20,264
03/15/20,494
07/05/20,221
12/05/20,491
09/06/20,177
07/09/20,465
09/13/20,70
08/06/20,335
07/18/20,126
01/15/20,18
02/21/20,353
11/09/20,130
05/10/20,110
05/29/20,127
11/10/20,12
05/19/20,106
12/19/20,343
10/04/20,62
09/30/20,232
02/07/20,394
12/11/20,263
08/04/20,132
07/28/20,356
11/14/20,219
10/15/20,261
10/25/20,172
07/09/20,368
09/03/20,73
10/30/20,348
08/11/20,211
06/26/20,479
06/06/20,234
03/16/20,20
01/25/20,471
06/25/20,319
11/08/20,433
03/26/20,281
03/29/20,196
12/18/20,155
01/04/20,432
08/13/20,394
01/15/20,151
07/02/20,414
01/16/20,500
06/11/20,67
04/26/20,116
07/25/20,185
01/01/20,344
02/08/20,374
09/16/20,312
03/02/20,281
12/20/20,139
10/30/20,240
12/26/20,306
08/13/20,67
04/27/20,147
10/10/20,449
01/01/20,146
10/14/20,414
05/08/20,202
08/07/20,144
12/22/20,457
03/21/20,120
05/25/20,185
06/05/20,201
08/18/20,371
06/16/20,340
01/03/20,481
05/15/20,225
06/07/20,327
07/14/20,427
05/26/20,222
08/09/20,379
05/20/20,238
09/11/20,492
02/04/20,303
07/25/20,421
12/02/20,154
11/11/20,149
05/09/20,286
01/01/20,136
05/13/20,357
03/27/20,106
03/04/20,300
08/13/20,412
12/10/20,114
01/31/20,126
05/08/20,329
08/13/20,224
03/26/20,213
10/21/20,495
02/29/20,394
05/02/20,315
06/16/20,315
11/13/20,118
06/24/20,431
09/19/20,78
03/19/20,98
02/06/20,289
07/27/20,74
09/07/20,161
07/21/20,63
04/03/20,233
12/09/20,116
06/26/20,310
11/12/20,125
05/07/20,216
05/31/20,13
09/16/20,133
03/19/20,85
05/16/20,60
05/10/20,305
08/27/20,157
08/05/20,10
01/16/20,417
06/28/20,130
08/27/20,168
07/18/20,133
12/17/20,482
11/03/20,426
01/28/20,402
12/06/20,254
08/21/20,471
09/07/20,225
01/18/20,50
12/05/20,341
09/10/20,133
10/02/20,470
09/12/20,127
01/31/20,51
07/11/20,340
07/28/20,318
11/21/20,176
10/11/20,241
04/29/20,186
06/29/20,393
05/13/20,97
09/08/20,486
03/02/20,299
06/30/20,406
06/20/20,173
10/23/20,428
01/18/20,168
07/22/20,119
02/26/20,216
06/30/20,416
05/06/20,138
03/15/20,460
03/06/20,113
06/23/20,21
10/26/20,113
12/29/20,354
09/14/20,394
11/10/20,289
12/09/20,473
02/16/20,377
01/20/20,461
11/10/20,11
01/05/20,460
10/03/20,47
05/14/20,135
05/27/20,235
10/17/20,219
07/20/20,303
03/04/20,497
03/07/20,309
05/03/20,424
12/26/20,226
08/22/20,445
07/29/20,277
08/28/20,353
08/30/20,41
01/23/20,395
03/14/20,64
11/04/20,415
04/14/20,448
12/10/20,313
06/15/20,404
01/26/20,272
12/01/20,324
04/10/20,24
12/25/20,92
04/03/20,294
08/28/20,53
09/26/20,235
04/13/20,70
06/13/20,413
12/07/20,120
03/29/20,193
10/25/20,453
03/13/20,62
01/10/20,201
02/15/20,472
10/28/20,178
12/10/20,405
12/07/20,146
03/05/20,76
02/22/20,159
04/10/20,226
01/03/20,184
02/18/20,431
07/26/20,451
06/06/20,139
04/19/20,247
11/25/20,101
04/29/20,455
06/08/20,249
04/06/20,297
10/30/20,114
06/23/20,479
07/22/20,96
07/05/20,343
05/10/20,475
02/25/20,245
01/18/20,374
09/04/20,277
11/20/20,444
09/27/20,137
09/27/20,230
11/18/20,44
11/07/20,355
12/18/20,229
02/10/20,179
09/01/20,134
05/03/20,470
11/23/20,32
05/19/20,106
11/20/20,382
08/28/20,348
09/17/20,206
06/14/20,45
08/17/20,424
02/17/20,30
10/08/20,310
05/14/20,330
02/29/20,403
08/13/20,253
09/08/20,397
12/05/20,127
03/22/20,91
09/28/20,80
07/20/20,92
09/16/20,10
10/02/20,36
10/14/20,257
11/07/20,292
02/17/20,168
11/22/20,441
01/03/20,447
12/13/20,421
07/07/20,193
01/18/20,16
05/23/20,487
07/30/20,268
01/05/20,151
04/13/20,465
09/02/20,57
08/18/20,313
10/04/20,26
06/27/20,425
03/04/20,282
06/03/20,147
04/14/20,203
06/05/20,242
06/19/20,412
12/25/20,338
05/12/20,146
12/30/20,440
12/03/20,64
10/13/20,41
07/25/20,365
07/08/20,424
05/11/20,369
07/08/20,76
03/17/20,454
04/06/20,173
04/24/20,137
06/12/20,90
07/08/20,409
08/09/20,291
07/03/20,48
05/21/20,444
03/16/20,390
09/20/20,14
03/24/20,240
03/10/20,483
09/13/20,203
12/07/20,275
09/22/20,387
08/16/20,342
10/02/20,17
06/18/20,277
09/07/20,191
05/14/20,357
05/10/20,145
01/04/20,380
05/27/20,437
10/24/20,190
10/16/20,124
02/26/20,66
05/29/20,295
01/02/20,151
01/05/20,304
01/15/20,177
07/30/20,302
06/25/20,64
10/18/20,444
07/10/20,454
07/20/20,362
01/06/20,389
05/13/20,445
07/15/20,490
08/29/20,79
03/04/20,140
04/07/20,38
09/19/20,145
02/09/20,11
03/29/20,473
01/14/20,222
04/16/20,92
10/25/20,403
06/12/20,84
02/20/20,327
06/30/20,198
08/17/20,42
07/03/20,408
05/06/20,235
03/12/20,194
02/09/20,201
11/27/20,236
09/25/20,128
10/26/20,281
01/07/20,483
08/16/20,417
05/12/20,488
06/11/20,141
05/14/20,72
01/23/20,434
07/15/20,164
10/20/20,411
07/25/20,34
07/13/20,459
08/15/20,220
03/03/20,212
05/31/20,153
04/12/20,378
09/23/20,59
05/22/20,443
06/24/20,257
05/27/20,445
06/10/20,41
10/04/20,445
02/24/20,375
02/02/20,97
10/30/20,406
06/30/20,288
05/25/20,82
04/29/20,352
10/06/20,308
09/14/20,16
10/11/20,93
05/30/20,168
08/24/20,247
01/08/20,478
03/12/20,174
03/30/20,354
07/09/20,37
10/14/20,144
08/29/20,347
11/11/20,383
10/13/20,311
10/22/20,272
05/10/20,112
09/27/20,320
09/28/20,324
08/01/20,306
05/03/20,262
05/06/20,354
06/27/20,429
11/04/20,364
02/17/20,225
11/25/20,193
05/29/20,191
12/14/20,154
11/19/20,11
01/28/20,152
09/13/20,39
07/17/20,366
03/03/20,33
02/17/20,227
05/20/20,230
05/23/20,25
05/02/20,431
01/29/20,172
06/27/20,179
04/09/20,96
04/25/20,281
06/27/20,15
10/28/20,374
10/09/20,450
11/18/20,255
03/18/20,235
07/09/20,358
06/26/20,443
01/25/20,187
01/03/20,251
03/30/20,128
04/30/20,71
06/09/20,363
08/11/20,341
07/10/20,285
06/16/20,312
08/06/20,237
10/12/20,162
03/15/20,183
09/21/20,474
02/04/20,17
04/01/20,237
10/11/20,146
05/02/20,80
05/15/20,35
09/22/20,306
01/29/20,90
09/11/20,199
11/15/20,476
05/07/20,326
02/08/20,475
05/26/20,499
09/29/20,413
11/27/20,226
10/16/20,305
12/08/20,13
05/28/20,355
03/30/20,141
06/14/20,424
12/10/20,330
03/04/20,429
03/30/20,199
12/10/20,201
09/28/20,338
01/06/20,31
03/30/20,265
10/31/20,311
11/22/20,123
01/07/20,197
05/11/20,381
01/30/20,123
11/26/20,246
11/04/20,326
08/23/20,368
12/07/20,124
08/21/20,184
10/30/20,224
11/01/20,21
06/03/20,257
12/11/20,403
02/06/20,344
02/03/20,475
03/30/20,313
04/16/20,373
03/08/20,314
06/10/20,336
06/19/20,342
10/05/20,206
12/11/20,254
11/22/20,443
03/14/20,353
06/24/20,360
04/20/20,395
07/07/20,190
02/26/20,49
02/10/20,110
02/07/20,45
01/03/20,340
10/24/20,456
01/27/20,388
03/16/20,417
05/26/20,432
08/18/20,327
09/12/20,393
11/21/20,336
12/05/20,222
05/29/20,496
10/16/20,130
08/20/20,226
12/03/20,13
02/20/20,332
12/30/20,169
10/18/20,216
10/17/20,88
09/04/20,403
07/07/20,476
07/21/20,130
08/10/20,246
02/11/20,134
06/01/20,440
09/28/20,280
07/06/20,110
05/07/20,349
11/06/20,277
04/30/20,335
02/20/20,474
07/06/20,442
12/03/20,81
03/04/20,470
02/14/20,73
03/12/20,32
03/19/20,177
09/09/20,116
06/17/20,159
04/30/20,107
04/10/20,196
01/23/20,29
12/02/20,27
12/23/20,307
08/07/20,494
09/29/20,114
03/21/20,227
09/21/20,294
06/06/20,299
06/13/20,12
07/23/20,131
09/16/20,492
12/09/20,22
05/16/20,162
08/29/20,473
01/17/20,338
07/26/20,171
09/20/20,227
05/13/20,22
09/20/20,177
05/27/20,237
09/02/20,299
10/30/20,231
03/15/20,485
08/20/20,404
01/23/20,273
06/24/20,159
05/23/20,170
06/14/20,81
07/06/20,70
06/26/20,347
12/15/20,468
07/20/20,314
09/07/20,119
01/05/20,10
08/03/20,297
08/16/20,488
09/01/20,47
12/23/20,477
05/22/20,418
12/08/20,466
03/31/20,453
07/09/20,378
05/07/20,305
12/16/20,292
08/16/20,55
06/03/20,373
12/04/20,309
04/15/20,135
11/18/20,208
02/27/20,223
03/07/20,146
02/02/20,140
11/18/20,392
01/30/20,73
11/16/20,61
02/06/20,140
12/08/20,435
06/16/20,58
11/03/20,386
05/31/20,388
03/25/20,350
09/03/20,168
03/24/20,45
12/25/20,166
05/26/20,448
07/10/20,284
03/03/20,133
12/21/20,240
11/11/20,281
08/18/20,72
02/29/20,222
05/28/20,287
07/24/20,258
11/06/20,134
01/25/20,500
01/12/20,138
03/06/20,101
01/20/20,372
03/08/20,339
07/06/20,236
03/05/20,80
03/19/20,416
09/19/20,139
06/08/20,355
01/29/20,199
11/05/20,138
01/07/20,317
05/07/20,252
12/15/20,435
03/22/20,374
10/07/20,111
10/14/20,485
05/06/20,425
01/04/20,205
12/08/20,249
04/15/20,368
01/26/20,143
09/11/20,376
12/18/20,56
03/13/20,177
01/21/20,267
02/03/20,304
09/09/20,413
08/02/20,266
10/06/20,133
05/27/20,233
07/17/20,272
02/29/20,310
06/04/20,257
08/08/20,66
07/29/20,392
09/07/20,152
06/23/20,121
08/11/20,286
11/23/20,115
06/10/20,253
08/22/20,64
09/14/20,27
05/23/20,61
06/02/20,148
07/11/20,199
01/05/20,409
04/14/20,406
05/14/20,220
11/28/20,495
10/16/20,334
12/20/20,194
05/07/20,286
09/19/20,241
12/31/20,185
07/26/20,494
07/14/20,59
12/05/20,450
05/30/20,487
03/02/20,335
04/09/20,203
10/07/20,458
06/16/20,130
09/26/20,226
11/20/20,210
08/25/20,234
09/03/20,95
08/05/20,452
11/25/20,376
05/07/20,253
10/03/20,390
06/21/20,411
05/17/20,161
04/10/20,244
05/29/20,311
04/10/20,454
01/11/20,332
02/29/20,171
08/20/20,91
08/25/20,258
02/01/20,448
07/25/20,123
07/26/20,63
08/05/20,153
10/23/20,211
05/22/20,36
06/25/20,149
10/31/20,193
03/17/20,407
06/11/20,337
09/26/20,125
10/12/20,253
11/24/20,303
10/07/20,184
06/25/20,434
07/18/20,187
08/19/20,458
10/30/20,27
02/19/20,379
05/10/20,360
02/11/20,51
05/14/20,66
02/12/20,404
05/03/20,237
12/16/20,137
09/08/20,441
08/06/20,215
06/18/20,234
01/14/20,224
11/06/20,405
05/26/20,99
04/29/20,10
01/18/20,274
08/06/20,236
11/24/20,128
09/29/20,322
04/02/20,291
07/10/20,490
04/19/20,424
01/26/20,442
07/06/20,58
02/24/20,118
02/06/20,237
12/09/20,154
01/02/20,313
10/26/20,171
08/22/20,238
07/19/20,427
07/01/20,243
04/18/20,302
11/09/20,481
02/10/20,251
02/04/20,103
01/30/20,176
04/21/20,230
07/15/20,58
01/18/20,207
12/10/20,287
04/30/20,291
02/22/20,450
02/15/20,197
06/28/20,228
03/18/20,104
05/30/20,339
11/12/20,233
07/16/20,389
03/09/20,297
03/27/20,237
09/25/20,100
06/16/20,162
08/12/20,164
05/09/20,65
09/06/20,256
12/31/20,435
01/30/20,64
06/27/20,349
12/07/20,102
12/27/20,289
09/12/20,159
01/10/20,31
04/08/20,138
10/25/20,489
07/28/20,484
06/10/20,475
01/25/20,270
09/08/20,500
09/12/20,164
01/12/20,66
12/25/20,164
06/26/20,289
08/18/20,210
04/28/20,96
07/15/20,72
06/28/20,343
08/16/20,363
02/13/20,88
08/10/20,164
09/27/20,225
08/14/20,18
04/19/20,66
09/09/20,273
12/03/20,382
11/20/20,498
01/21/20,292
12/18/20,160
01/12/20,303
04/16/20,429
01/27/20,173
03/31/20,438
07/19/20,442
09/24/20,103
11/19/20,233
12/13/20,379
01/07/20,356
08/31/20,173
10/14/20,422
06/09/20,496
06/04/20,323
10/03/20,246
11/14/20,372
02/16/20,328
08/18/20,402
10/10/20,308
09/15/20,383
05/17/20,205
11/02/20,98
12/20/20,174
07/05/20,91
01/18/20,127
04/28/20,211
10/10/20,231
06/02/20,26
01/14/20,128
04/29/20,236
05/14/20,480
05/14/20,448
05/07/20,414
07/20/20,366
05/21/20,120
09/08/20,439
09/26/20,396
07/22/20,457
10/04/20,254
08/28/20,116
01/05/20,76
09/24/20,407
12/09/20,310
05/26/20,253
03/19/20,42
11/02/20,128
01/22/20,397
03/30/20,408
11/21/20,139
11/01/20,221
03/30/20,133
12/12/20,96
07/27/20,367
08/13/20,266
01/29/20,276
01/28/20,58
07/29/20,180
11/23/20,443
08/19/20,80
03/31/20,284
05/17/20,381
02/13/20,411
03/29/20,127
11/20/20,380
12/29/20,101
05/05/20,53
11/03/20,368
06/07/20,176
03/08/20,322
05/24/20,303
10/19/20,175
10/13/20,193
03/28/20,76
06/05/20,419
02/05/20,374
09/27/20,45
01/10/20,131
09/21/20,214
08/08/20,329
05/16/20,224
05/19/20,113
01/23/20,168
05/05/20,215
02/11/20,480
12/06/20,154
07/21/20,350
01/19/20,120
06/09/20,149
10/18/20,122
10/11/20,162
12/24/20,132
09/15/20,78
10/22/20,96
03/14/20,355
09/25/20,285
04/16/20,354
10/10/20,77
10/12/20,353
01/19/20,165
02/23/20,282
09/25/20,251
08/21/20,76
04/14/20,288
11/07/20,92
08/21/20,373
01/05/20,300
11/19/20,211
09/07/20,68
03/28/20,79
06/23/20,138
03/29/20,129
02/08/20,88
08/01/20,493
08/09/20,426
01/15/20,491
05/01/20,15
12/31/20,100
05/07/20,203
07/13/20,495
11/16/20,325
02/05/20,260
10/18/20,340
01/23/20,203
07/25/20,244
05/19/20,484
05/21/20,461
01/29/20,207
03/02/20,360
02/12/20,379
09/25/20,142
04/15/20,266
06/12/20,211
03/17/20,40
05/30/20,93
10/17/20,264
11/26/20,131
05/07/20,113
02/10/20,128
09/07/20,368
09/05/20,105
02/15/20,193
06/05/20,110
01/20/20,346
02/20/20,162
09/22/20,421
06/07/20,111
04/22/20,128
10/07/20,148
08/15/20,187
05/18/20,83
12/23/20,43
12/19/20,82
11/05/20,253
01/05/20,374
12/12/20,337
06/28/20,458
07/15/20,94
02/28/20,405
08/25/20,216
12/03/20,410
12/28/20,479
07/13/20,263
03/15/20,401
07/26/20,280
12/12/20,104
10/13/20,462
10/02/20,46
08/19/20,92
01/19/20,247
04/30/20,68
04/07/20,441
07/09/20,123
02/25/20,466
07/28/20,161
10/17/20,15
07/24/20,73
01/10/20,159
01/02/20,403
01/18/20,362
03/05/20,283
05/19/20,13
09/18/20,304
04/23/20,294
11/19/20,170
09/06/20,314
03/19/20,83
05/08/20,63
12/16/20,164
05/16/20,389
02/04/20,88
06/10/20,312
08/20/20,131
12/03/20,17
09/26/20,385
05/23/20,349
04/14/20,136
07/28/20,148
02/19/20,205
04/25/20,72
03/11/20,212
06/20/20,454
06/26/20,212
06/28/20,345
08/06/20,94
04/07/20,179
01/26/20,134
06/30/20,229
12/13/20,389
01/15/20,285
07/04/20,251
08/12/20,125
09/05/20,497
01/18/20,195
07/17/20,227
06/24/20,187
03/28/20,219
03/09/20,377
05/31/20,230
09/04/20,300
01/02/20,27
11/13/20,377
04/15/20,353
05/26/20,335
12/17/20,432
03/13/20,84
01/02/20,460
09/24/20,362
05/28/20,423
09/14/20,349
10/21/20,359
12/09/20,469
11/17/20,452
04/03/20,179
09/13/20,197
09/26/20,435
06/04/20,356
04/11/20,342
02/18/20,180
08/12/20,360
08/16/20,259
12/14/20,415
04/09/20,188
11/28/20,308
09/20/20,22
02/19/20,321
01/12/20,320
10/26/20,128
09/22/20,181
11/13/20,469
10/07/20,335
08/19/20,401
12/16/20,209
02/11/20,340
08/15/20,386
09/25/20,33
02/16/20,168
02/02/20,320
10/23/20,300
08/16/20,310
11/26/20,327
11/23/20,269
11/15/20,198
04/17/20,145
03/07/20,94
03/09/20,308
07/19/20,251
10/26/20,161
08/13/20,351
04/17/20,204
04/25/20,188
11/29/20,158
10/12/20,177
12/24/20,129
11/11/20,430
10/18/20,213
12/17/20,36
09/16/20,14
01/27/20,56
04/05/20,125
05/08/20,371
06/23/20,424
08/04/20,353
05/31/20,44
09/20/20,10
07/04/20,487
01/08/20,173
09/12/20,127
02/14/20,55
12/07/20,253
04/29/20,50
09/17/20,174
01/01/20,327
09/05/20,36
11/28/20,281
07/08/20,346
12/15/20,213
10/09/20,165
04/22/20,239
12/29/20,361
12/27/20,346
02/10/20,39
02/15/20,221
03/28/20,398
07/27/20,251
05/04/20,151
01/02/20,243
04/10/20,481
02/15/20,308
09/05/20,212
06/13/20,402
09/01/20,86
12/14/20,222
07/11/20,356
04/10/20,263
06/02/20,100
06/07/20,365
06/01/20,109
02/15/20,280
08/09/20,452
05/21/20,322
07/24/20,431
08/24/20,129
10/05/20,289
07/09/20,178
02/26/20,411
04/23/20,232
04/13/20,462
07/29/20,325
04/07/20,458
05/29/20,204
08/28/20,412
11/09/20,83
04/16/20,354
09/25/20,435
09/14/20,74
12/16/20,458
02/04/20,407
03/12/20,377
09/19/20,187
08/01/20,263
10/28/20,94
12/09/20,489
04/16/20,498
02/12/20,223
04/05/20,355
06/23/20,369
10/31/20,341
03/25/20,168
05/02/20,233
05/08/20,144
09/10/20,274
05/26/20,79
12/29/20,17
09/21/20,294
07/29/20,70
11/21/20,194
02/19/20,198
11/19/20,268
01/20/20,19
07/24/20,307
10/18/20,203
02/26/20,310
10/11/20,443
07/30/20,285
08/06/20,323
10/27/20,256
11/06/20,307
08/11/20,325
05/17/20,366
09/26/20,208
10/14/20,413
07/07/20,391
12/24/20,398
03/08/20,348
04/25/20,159
01/27/20,19
10/01/20,431
05/27/20,136
11/23/20,409
12/17/20,337
11/29/20,173
03/15/20,208
08/21/20,211
06/09/20,224
01/02/20,245
12/14/20,334
11/21/20,34
06/27/20,361
06/27/20,14
11/08/20,392
12/15/20,253
02/14/20,401
05/18/20,269
06/22/20,147
09/13/20,335
03/12/20,208
07/14/20,56
08/16/20,455
04/24/20,81
10/15/20,27
09/07/20,407
12/04/20,147
01/24/20,46
11/10/20,482
12/06/20,144
06/24/20,257
03/22/20,200
08/19/20,181
08/08/20,67
05/12/20,55
04/05/20,47
08/05/20,344
01/31/20,300
01/11/20,81
10/08/20,87
06/30/20,385
12/12/20,82
12/21/20,18
09/29/20,365
10/16/20,40
09/21/20,222
06/24/20,213
04/26/20,44
04/21/20,280
06/04/20,315
10/15/20,67
11/29/20,287
08/24/20,87
09/05/20,437
02/17/20,27
08/22/20,346
02/13/20,38
11/09/20,148
03/19/20,131
01/09/20,145
06/02/20,267
05/13/20,277
06/23/20,75
10/29/20,460
10/08/20,80
08/14/20,141
05/13/20,483
07/06/20,103
12/26/20,45
07/21/20,365
06/30/20,134
02/21/20,432
04/08/20,491
08/18/20,424
11/07/20,443
02/26/20,404
05/10/20,194
03/02/20,189
03/05/20,66
11/26/20,124
08/03/20,281
05/18/20,497
12/18/20,88
07/17/20,88
10/19/20,124
03/26/20,142
11/13/20,218
05/22/20,336
03/16/20,500
01/26/20,154
10/06/20,20
12/03/20,462
04/06/20,453
08/22/20,292
07/15/20,36
08/22/20,500
06/19/20,267
05/21/20,37
08/18/20,126
05/03/20,457
08/14/20,302
03/21/20,442
01/17/20,473
07/08/20,20
10/23/20,296
10/06/20,103
11/15/20,97
06/29/20,125
03/13/20,442
07/01/20,294
03/05/20,34
05/25/20,213
11/11/20,361
11/26/20,35
02/20/20,97
08/16/20,348
04/08/20,434
11/19/20,484
09/13/20,252
01/05/20,145
12/04/20,138
03/29/20,457
03/24/20,444
02/28/20,90
05/21/20,27
04/15/20,169
11/23/20,459
08/09/20,374
11/10/20,21
10/08/20,393
10/01/20,216
05/30/20,85
03/31/20,322
05/19/20,112
07/05/20,109
06/26/20,278
02/23/20,31
05/28/20,210
02/01/20,213
09/17/20,151
07/25/20,51
02/07/20,485
10/02/20,57
06/04/20,171
07/06/20,235
03/16/20,435
06/27/20,475
02/13/20,235
02/13/20,414
06/11/20,107
09/07/20,491
09/13/20,80
10/17/20,130
05/05/20,407
05/23/20,181
06/11/20,306
02/15/20,91
10/10/20,235
05/05/20,353
12/08/20,318
09/09/20,191
01/09/20,235
02/05/20,293
01/26/20,395
07/26/20,447
05/13/20,285
01/28/20,188
01/20/20,313
03/24/20,108
09/13/20,384
10/12/20,334
07/31/20,482
11/13/20,62
01/31/20,122
01/09/20,72
12/06/20,324
05/25/20,99
03/16/20,207
10/21/20,144
06/22/20,11
05/23/20,81
07/28/20,448
03/21/20,460
11/13/20,154
09/25/20,312
12/10/20,261
04/17/20,188
04/25/20,239
01/20/20,187
07/27/20,444
08/12/20,83
03/21/20,171
12/03/20,86
05/22/20,40
05/07/20,346
05/12/20,184
04/08/20,166
03/17/20,457
07/21/20,482
06/12/20,482
11/03/20,337
09/14/20,465
01/01/20,117
12/31/20,68
12/01/20,128
04/22/20,298
05/06/20,201
06/18/20,411
03/06/20,386
05/02/20,406
04/21/20,215
05/03/20,313
09/07/20,187
03/16/20,139
11/04/20,170
02/25/20,223
01/31/20,126
08/02/20,430
11/29/20,223
12/16/20,496
07/24/20,341
01/20/20,56
12/27/20,398
04/21/20,221
05/27/20,420
02/29/20,414
12/25/20,191
05/07/20,277
05/19/20,429
03/11/20,31
03/22/20,402
04/19/20,206
01/02/20,429
06/18/20,348
10/09/20,402
08/04/20,290
08/29/20,34
06/11/20,65
12/05/20,145
06/16/20,406
03/09/20,294
05/02/20,202
04/27/20,484
01/07/20,192
05/30/20,423
01/10/20,145
07/08/20,215
08/06/20,400
05/26/20,199
10/18/20,444
10/22/20,492
03/28/20,428
01/05/20,331
05/21/20,105
08/30/20,456
05/13/20,482
04/21/20,346
04/23/20,482
09/15/20,359
11/21/20,141
06/16/20,361
11/11/20,72
01/23/20,471
07/22/20,270
11/10/20,344
05/11/20,249
03/19/20,459
10/16/20,227
08/10/20,136
12/05/20,62
04/16/20,196
09/09/20,269
01/22/20,338
02/25/20,128
12/12/20,183
02/22/20,391
05/27/20,97
01/09/20,343
02/09/20,63
06/02/20,208
10/01/20,478
05/12/20,244
04/05/20,196
08/11/20,320
03/17/20,354
02/23/20,385
05/22/20,222
04/13/20,263
08/11/20,134
09/09/20,25
05/11/20,425
12/24/20,71
02/17/20,196
08/01/20,219
02/17/20,293
06/15/20,126
10/16/20,69
06/05/20,450
10/11/20,141
05/16/20,50
01/12/20,210
01/03/20,224
10/13/20,134
01/01/20,68
04/30/20,157
11/20/20,372
04/17/20,277
12/19/20,350
02/18/20,487
07/08/20,484
06/08/20,455
10/30/20,417
03/30/20,158
04/14/20,392
09/17/20,150
01/10/20,468
06/28/20,239
10/15/20,153
03/19/20,457
03/12/20,101
11/22/20,339
04/10/20,381
06/21/20,470
07/05/20,407
02/23/20,126
08/04/20,94
01/30/20,332
04/28/20,160
07/21/20,192
07/29/20,450
02/17/20,302
01/13/20,93
12/28/20,385
10/26/20,490
10/15/20,290
06/21/20,100
11/03/20,172
05/02/20,286
04/19/20,77
04/26/20,297
04/10/20,105
08/20/20,236
08/09/20,47
11/10/20,14
07/03/20,310
05/01/20,273
09/10/20,45
12/18/20,467
02/22/20,123
09/17/20,387
11/17/20,98
10/10/20,266
03/26/20,232
02/15/20,262
07/16/20,426
05/21/20,264
06/14/20,246
07/22/20,317
04/12/20,103
05/24/20,30
05/02/20,14
05/03/20,107
08/27/20,131
03/28/20,498
02/03/20,201
06/02/20,480
04/13/20,68
07/30/20,290
04/01/20,124
02/11/20,449
06/10/20,168
05/13/20,171
07/27/20,431
06/27/20,359
02/20/20,15
02/21/20,228
11/10/20,207
11/29/20,283
05/31/20,281
11/20/20,409
09/20/20,316
08/20/20,467
10/13/20,360
04/20/20,219
05/04/20,25
05/14/20,360
08/06/20,267
06/22/20,367
08/03/20,25
07/13/20,487
08/23/20,374
05/03/20,497
06/05/20,145
02/06/20,425
10/27/20,144
01/01/20,192
04/12/20,183
01/28/20,49
11/26/20,162
12/12/20,240
08/05/20,442
05/28/20,470
12/10/20,341
07/27/20,105
06/14/20,408
09/06/20,107
12/17/20,94
05/28/20,86
11/11/20,322
07/29/20,306
07/12/20,332
06/24/20,13
10/09/20,481
02/19/20,495
12/07/20,435
05/03/20,386
10/21/20,324
11/23/20,151
11/17/20,196
02/19/20,128
08/21/20,485
05/30/20,427
04/12/20,402
11/10/20,311
03/23/20,248
11/15/20,269
12/05/20,296
04/05/20,352
04/15/20,424
10/23/20,344
02/08/20,77
03/04/20,46
07/21/20,303
07/25/20,175
06/10/20,424
09/19/20,176
11/27/20,74
03/05/20,178
11/10/20,410
02/03/20,227
07/27/20,411
05/16/20,255
11/16/20,427
07/19/20,352
07/31/20,350
11/14/20,48
08/29/20,484
11/05/20,51
10/13/20,245
05/02/20,214
03/19/20,157
05/27/20,113
05/23/20,240
12/21/20,337
06/22/20,175
03/30/20,251
08/05/20,438
05/17/20,34
06/26/20,137
02/24/20,468
06/30/20,478
06/15/20,328
10/10/20,431
04/03/20,22
06/10/20,345
09/06/20,346
02/07/20,176
05/31/20,399
06/19/20,107
05/22/20,437
03/10/20,220
01/26/20,44
05/31/20,469
07/10/20,208
05/20/20,276
11/26/20,180
07/31/20,349
02/03/20,465
12/03/20,273
05/12/20,96
02/21/20,142
12/07/20,151
07/10/20,129
11/13/20,83
09/17/20,479
09/04/20,337
02/11/20,278
05/28/20,294
09/17/20,316
01/14/20,175
10/16/20,359
10/26/20,232
02/10/20,228
04/28/20,333
12/19/20,361
08/24/20,403
08/12/20,75
06/26/20,75
04/02/20,456
06/27/20,229
03/22/20,337
12/12/20,473
03/27/20,180
04/21/20,360
04/09/20,483
07/04/20,25
01/12/20,64
01/08/20,35
04/03/20,495
11/05/20,40
06/08/20,481
04/11/20,151
09/04/20,24
01/19/20,335
11/21/20,153
06/22/20,13
05/17/20,238
06/06/20,129
10/28/20,36
04/14/20,481
10/12/20,337
03/07/20,217
02/06/20,303
06/15/20,172
02/18/20,445
11/12/20,236
03/25/20,415
10/30/20,282
12/23/20,486
06/16/20,490
12/20/20,12
10/31/20,368
04/20/20,390
09/01/20,267
02/10/20,492
01/11/20,184
10/09/20,115
10/24/20,365
05/26/20,374
07/19/20,337
04/22/20,95
09/21/20,396
06/18/20,171
02/21/20,73
01/27/20,498
03/17/20,107
07/02/20,56
07/27/20,496
08/20/20,228
09/03/20,130
01/23/20,251
02/17/20,83
09/23/20,70
06/29/20,273
10/29/20,206
03/05/20,38
08/13/20,115
01/26/20,256
05/30/20,310
02/06/20,65
05/22/20,349
10/28/20,59
12/01/20,56
06/14/20,419
05/03/20,418
07/26/20,488
02/16/20,46
04/21/20,315
06/09/20,200
11/01/20,278
06/12/20,317
06/28/20,362
03/10/20,480
11/25/20,414
04/22/20,382
09/23/20,314
10/16/20,42
02/05/20,421
10/31/20,302
07/05/20,354
07/22/20,29
12/03/20,343
11/24/20,388
07/02/20,264
01/29/20,402
04/01/20,112
06/04/20,188
06/07/20,295
07/23/20,284
05/10/20,438
08/10/20,175
11/15/20,95
04/06/20,263
04/09/20,135
02/10/20,412
02/23/20,500
03/22/20,121
03/02/20,201
04/18/20,449
09/16/20,105
02/03/20,492
10/09/20,178
11/29/20,233
12/04/20,351
04/02/20,279
03/27/20,14
10/09/20,466
08/22/20,389
06/26/20,494
03/08/20,349
09/02/20,160
03/14/20,450
11/02/20,417
12/03/20,287
08/12/20,391
09/29/20,40
08/19/20,75
06/11/20,448
01/17/20,446
10/08/20,425
12/05/20,479
08/01/20,423
07/20/20,458
11/22/20,34
04/03/20,173
10/27/20,261
02/21/20,416
03/09/20,258
03/29/20,440
05/22/20,136
12/29/20,334
02/15/20,25
09/20/20,371
08/28/20,212
03/12/20,208
06/09/20,187
08/07/20,82
10/30/20,134
09/21/20,479
04/30/20,484
10/06/20,132
02/12/20,102
07/11/20,451
12/01/20,306
04/05/20,160
10/25/20,255
08/21/20,136
03/09/20,376
02/27/20,454
10/09/20,403
10/29/20,57
07/07/20,98
12/11/20,63
01/25/20,288
06/21/20,187
10/22/20,472
10/08/20,193
05/27/20,54
06/27/20,130
09/12/20,416
09/20/20,382
07/02/20,57
04/06/20,195
10/05/20,395
10/04/20,475
10/29/20,10
01/03/20,174
09/17/20,318
07/22/20,175
09/22/20,196
07/07/20,361
01/21/20,447
08/20/20,400
02/08/20,58
03/19/20,110
03/07/20,137
03/07/20,87
05/30/20,70
11/04/20,312
07/05/20,311
02/20/20,403
12/19/20,126
11/04/20,307
11/19/20,452
12/31/20,155
11/21/20,340
10/04/20,367
03/28/20,346
02/19/20,271
05/18/20,116
10/02/20,393
03/07/20,248
05/20/20,20
08/03/20,225
10/25/20,482
09/18/20,232
08/16/20,438
12/17/20,328
02/29/20,337
07/12/20,289
04/23/20,444
03/24/20,422
01/14/20,82
10/30/20,82
01/25/20,49
04/07/20,478
06/10/20,187
06/29/20,258
09/06/20,169
03/03/20,236
12/02/20,225
11/07/20,447
04/05/20,369
03/13/20,40
04/15/20,170
04/15/20,346
12/12/20,112
12/02/20,215
10/02/20,400
01/18/20,63
06/18/20,138
09/29/20,466
11/22/20,159
05/12/20,250
09/29/20,100
02/12/20,234
10/25/20,336
05/03/20,315
02/11/20,418
01/04/20,271
04/17/20,205
01/28/20,442
01/18/20,433
12/13/20,442
12/31/20,366
09/16/20,14
08/14/20,224
07/22/20,322
10/01/20,204
10/31/20,458
08/31/20,280
09/15/20,297
03/18/20,313
11/21/20,245
11/11/20,369
09/07/20,453
11/23/20,442
08/11/20,393
01/28/20,420
08/30/20,72
03/25/20,49
07/16/20,45
11/27/20,88
01/12/20,462
05/06/20,122
09/24/20,262
05/12/20,463
10/17/20,337
02/16/20,298
03/22/20,37
12/10/20,65
03/18/20,488
07/07/20,201
03/12/20,308
05/26/20,251
02/10/20,329
03/29/20,309
02/20/20,311
11/19/20,416
04/23/20,393
08/20/20,414
11/22/20,193
07/10/20,269
01/26/20,127
07/11/20,427
12/04/20,128
04/27/20,110
12/22/20,197
12/29/20,17
03/23/20,81
10/29/20,160
06/25/20,299
01/05/20,492
07/12/20,426
01/13/20,382
02/04/20,301
09/26/20,20
03/14/20,487
07/12/20,35
10/20/20,260
12/05/20,378
08/12/20,301
06/24/20,25
11/18/20,99
05/07/20,282
09/15/20,323
09/08/20,389
04/22/20,176
07/06/20,124
12/18/20,247
06/15/20,140
02/27/20,361
05/23/20,89
03/08/20,275
07/07/20,495
04/02/20,264
03/01/20,396
01/24/20,356
04/11/20,304
04/07/20,408
12/25/20,373
02/25/20,351
09/20/20,493
01/18/20,467
12/16/20,204
04/16/20,236
01/29/20,224
07/07/20,456
02/08/20,164
08/15/20,299
12/17/20,354
12/30/20,390
10/23/20,368
06/21/20,85
01/25/20,297
03/28/20,77
04/19/20,201
01/31/20,61
11/02/20,30
01/10/20,193
03/01/20,225
06/08/20,479
04/08/20,279
01/21/20,451
12/07/20,354
08/13/20,93
10/11/20,236
12/23/20,493
11/20/20,159
02/08/20,152
11/04/20,164
04/01/20,335
06/09/20,350
05/10/20,227
05/11/20,278
09/15/20,223
06/19/20,286
03/13/20,455
04/25/20,271
06/02/20,90
07/18/20,270
01/10/20,174
12/07/20,300
10/14/20,282
08/25/20,405
02/12/20,282
07/18/20,49
03/07/20,410
05/31/20,55
03/30/20,351
05/28/20,170
09/02/20,367
07/11/20,370
07/09/20,107
02/08/20,39
12/20/20,108
03/15/20,179
04/15/20,53
10/14/20,406
01/05/20,33
03/16/20,463
11/05/20,396
01/12/20,261
09/05/20,119
04/05/20,439
02/16/20,212
02/23/20,285
01/02/20,319
01/25/20,491
07/22/20,189
07/21/20,449
08/14/20,227
02/28/20,120
12/02/20,20
01/11/20,209
02/13/20,138
08/22/20,98
06/21/20,140
06/05/20,306
02/12/20,76
11/18/20,76
05/26/20,389
08/03/20,144
09/23/20,406
05/03/20,441
12/24/20,334
05/15/20,225
07/10/20,283
07/01/20,482
09/19/20,184
04/15/20,480
06/29/20,407
08/14/20,364
07/05/20,340
10/11/20,93
01/30/20,432
05/05/20,403
11/05/20,432
08/23/20,13
08/08/20,296
07/30/20,266
12/12/20,115
05/25/20,271
12/30/20,246
01/31/20,414
06/13/20,395
06/11/20,311
07/19/20,412
06/04/20,300
11/24/20,68
01/21/20,70
08/05/20,332
04/27/20,346
11/18/20,48
12/15/20,329
03/28/20,400
06/10/20,263
10/25/20,115
04/14/20,367
11/20/20,98
05/27/20,369
01/05/20,56
11/25/20,437
03/22/20,57
10/30/20,132
06/25/20,253
07/18/20,128
05/13/20,257
04/26/20,399
01/05/20,191
01/30/20,389
11/30/20,172
08/19/20,306
11/06/20,351
04/17/20,477
09/29/20,95
04/10/20,209
04/09/20,116
01/04/20,391
11/29/20,11
11/08/20,371
05/09/20,431
06/08/20,79
02/06/20,366
12/22/20,423
12/29/20,402
04/18/20,211
04/25/20,468
09/22/20,173
08/10/20,206
03/02/20,210
02/15/20,131
03/19/20,92
09/21/20,132
12/04/20,479
11/20/20,12
12/30/20,248
03/19/20,118
06/21/20,217
08/29/20,310
09/26/20,42
03/30/20,382
11/13/20,447
03/15/20,170
06/13/20,369
03/28/20,112
08/25/20,396
02/18/20,436
08/15/20,319
07/06/20,122
11/15/20,121
04/06/20,303
06/27/20,477
02/21/20,55
03/30/20,476
09/06/20,492
09/29/20,357
05/08/20,320
05/12/20,432
01/15/20,153
05/16/20,36
05/22/20,220
10/21/20,365
07/13/20,355
12/27/20,235
01/27/20,63
06/14/20,341
02/05/20,138
08/30/20,382
10/12/20,371
08/17/20,469
10/18/20,118
09/16/20,335
12/16/20,195
07/26/20,261
09/21/20,471
08/30/20,451
05/04/20,272
07/06/20,48
11/20/20,210
04/21/20,358
05/19/20,361
03/19/20,335
01/16/20,308
07/19/20,75
07/29/20,228
04/20/20,263
02/05/20,251
04/04/20,168
06/16/20,121
02/22/20,185
08/06/20,296
08/04/20,447
05/23/20,83
02/11/20,34
09/07/20,334
03/24/20,457
10/18/20,43
10/01/20,66
12/19/20,213
12/12/20,492
11/23/20,264
09/29/20,370
03/27/20,296
03/21/20,258
06/22/20,299
12/20/20,325
09/24/20,460
10/16/20,478
03/31/20,211
12/19/20,121
03/19/20,216
07/16/20,356
04/06/20,444
10/02/20,34
02/10/20,64
06/30/20,376
07/02/20,316
10/28/20,81
02/06/20,244
11/05/20,389
06/19/20,32
08/29/20,385
04/18/20,490
08/22/20,323
06/02/20,417
06/10/20,187
06/11/20,241
03/03/20,280
10/24/20,244
10/08/20,404
03/27/20,25
08/14/20,53
07/17/20,417
08/08/20,185
09/12/20,109
03/29/20,329
12/22/20,351
01/26/20,11
02/11/20,348
12/25/20,475
06/01/20,431
06/15/20,56
01/17/20,382
05/28/20,137
11/07/20,375
03/20/20,113
12/09/20,459
12/09/20,71
02/28/20,256
10/31/20,239
09/17/20,374
01/14/20,474
09/19/20,85
08/09/20,208
01/17/20,382
12/19/20,76
10/02/20,418
07/12/20,432
09/28/20,473
04/02/20,32
12/22/20,397
06/14/20,339
01/23/20,43
06/15/20,467
01/23/20,424
04/18/20,256
01/14/20,382
04/30/20,10
12/08/20,169
02/23/20,172
06/26/20,447
01/24/20,61
01/31/20,217
11/13/20,48
10/16/20,262
04/08/20,46
10/27/20,343
06/01/20,448
03/07/20,188
01/16/20,10
05/31/20,92
03/17/20,278
10/07/20,17
07/13/20,163
02/19/20,206
10/24/20,308
08/08/20,271
10/31/20,409
11/20/20,311
07/16/20,374
08/10/20,149
05/12/20,306
01/30/20,187
05/27/20,384
04/08/20,167
12/18/20,451
10/26/20,198
03/02/20,97
11/22/20,252
10/07/20,12
12/09/20,115
09/29/20,404
11/06/20,132
02/23/20,380
09/06/20,488
06/04/20,65
04/09/20,218
02/25/20,419
08/16/20,94
02/18/20,425
11/03/20,487
02/04/20,216
09/04/20,416
04/28/20,118
09/09/20,477
01/03/20,337
02/16/20,27
06/02/20,311
01/03/20,297
02/15/20,366
10/24/20,57
05/03/20,175
09/29/20,472
07/30/20,88
10/01/20,361
04/24/20,152
04/17/20,441
09/27/20,399
08/09/20,372
10/01/20,102
01/30/20,127
07/08/20,329
10/17/20,464
07/31/20,86
12/28/20,147
11/18/20,289
07/28/20,308
01/29/20,450
05/12/20,294
01/22/20,121
07/23/20,426
04/18/20,406
01/10/20,85
08/01/20,87
05/14/20,46
03/06/20,260
03/03/20,490
01/08/20,149
09/05/20,425
10/18/20,495
09/23/20,243
10/02/20,291
10/10/20,415
02/07/20,445
03/03/20,448
10/25/20,428
05/08/20,257
04/04/20,454
08/15/20,337
10/26/20,325
02/09/20,386
12/12/20,476
05/16/20,320
03/03/20,103
11/15/20,38
04/23/20,467
07/18/20,231
05/19/20,406
10/05/20,61
08/13/20,345
09/23/20,162
05/17/20,54
02/12/20,279
06/08/20,428
03/14/20,467
10/31/20,385
10/20/20,217
05/29/20,41
04/05/20,278
09/20/20,335
07/24/20,237
04/28/20,469
04/15/20,88
01/02/20,310
08/28/20,224
07/19/20,391
12/07/20,96
08/08/20,144
03/05/20,456
07/29/20,387
08/19/20,436
07/30/20,258
08/23/20,66
10/05/20,264
12/27/20,97
12/19/20,284
06/07/20,118
07/20/20,133
05/23/20,430
01/15/20,138
02/01/20,92
06/11/20,199
04/29/20,58
03/24/20,159
10/17/20,464
08/26/20,494
08/16/20,351
03/02/20,372
07/27/20,460
05/20/20,489
09/20/20,36
12/11/20,98
02/23/20,154
10/03/20,485
09/19/20,58
07/11/20,157
11/16/20,232
12/11/20,62
06/01/20,484
12/17/20,330
03/07/20,127
02/20/20,495
01/20/20,367
06/27/20,418
08/04/20,464
05/20/20,330
02/05/20,209
08/27/20,31
10/06/20,412
04/24/20,292
06/17/20,464
07/07/20,468
09/11/20,172
06/03/20,144
01/31/20,117
12/10/20,87
07/23/20,106
06/28/20,319
08/18/20,433
08/25/20,34
01/04/20,67
08/09/20,219
11/27/20,488
04/05/20,333
07/28/20,494
11/11/20,351
04/24/20,279
08/30/20,416
02/24/20,367
12/22/20,318
08/27/20,266
01/29/20,234
05/24/20,236
04/26/20,329
01/17/20,254
01/07/20,15
01/27/20,453
07/19/20,433
12/09/20,87
02/09/20,444
03/18/20,492
12/28/20,339
12/03/20,242
06/11/20,288
06/27/20,398
01/30/20,190
04/22/20,179
11/12/20,102
01/27/20,80
10/26/20,383
01/24/20,453
04/22/20,68
05/27/20,388
09/30/20,78
10/01/20,497
03/17/20,234
02/09/20,192
12/31/20,229
12/16/20,404
03/24/20,109
09/24/20,258
01/10/20,81
03/20/20,154
12/24/20,178
11/10/20,267
11/09/20,68
04/13/20,351
06/25/20,439
07/20/20,426
01/07/20,338
12/07/20,115
08/11/20,202
02/13/20,369
02/20/20,315
05/21/20,177
04/17/20,480
01/12/20,211
10/24/20,268
04/05/20,358
06/17/20,405
05/15/20,103
12/27/20,352
11/02/20,95
06/10/20,171
09/24/20,119
04/17/20,174
03/05/20,197
08/14/20,308
05/19/20,218
03/10/20,374
05/24/20,265
12/07/20,205
06/09/20,481
10/14/20,108
03/06/20,82
03/12/20,161
01/18/20,333
04/01/20,337
02/29/20,450
12/01/20,435
10/29/20,440
06/24/20,234
02/16/20,212
01/07/20,392
05/25/20,54
05/02/20,216
03/27/20,19
02/22/20,283
11/06/20,67
07/02/20,186
11/27/20,484
09/27/20,47
10/08/20,329
09/06/20,116
11/01/20,243
10/09/20,163
06/26/20,239
04/07/20,240
07/02/20,327
11/23/20,464
07/07/20,52
07/29/20,455
03/29/20,386
07/27/20,136
11/05/20,444
05/30/20,150
11/22/20,379
06/16/20,126
11/14/20,126
05/16/20,209
07/16/20,247
07/23/20,391
10/13/20,233
10/18/20,130
08/26/20,493
01/04/20,302
01/13/20,262
04/23/20,487
04/19/20,275
09/11/20,384
09/16/20,295
02/09/20,309
02/01/20,348
10/24/20,155
11/13/20,74
12/26/20,97
10/16/20,127
07/29/20,375
04/28/20,300
02/29/20,403
02/20/20,281
05/15/20,368
03/15/20,292
07/20/20,164
02/07/20,387
07/28/20,434
05/17/20,346
06/28/20,301
08/09/20,218
03/17/20,425
08/23/20,396
10/05/20,366
02/03/20,199
09/25/20,339
06/01/20,112
07/30/20,433
04/26/20,482
05/01/20,340
10/26/20,435
04/16/20,293
10/11/20,425
03/09/20,495
09/27/20,319
11/30/20,241
08/02/20,227
05/14/20,104
05/05/20,209
06/29/20,27
12/19/20,396
05/09/20,465
02/24/20,218
11/24/20,141
01/15/20,487
11/05/20,95
06/02/20,306
08/23/20,348
09/16/20,481
10/17/20,260
06/25/20,314
06/19/20,333
10/21/20,471
06/14/20,18
04/16/20,207
10/15/20,166
11/11/20,324
03/20/20,73
08/10/20,50
08/27/20,276
09/15/20,196
06/10/20,198
03/01/20,155
03/05/20,385
01/03/20,421
06/05/20,12
07/27/20,140
11/25/20,36
05/08/20,235
05/16/20,99
08/14/20,321
04/23/20,477
05/19/20,363
01/09/20,486
05/26/20,100
08/29/20,326
03/21/20,213
02/06/20,385
12/27/20,462
05/13/20,69
11/06/20,362
02/24/20,283
05/29/20,18
08/21/20,170
01/16/20,99
03/10/20,119
04/07/20,92
03/24/20,300
01/10/20,176
12/22/20,317
04/19/20,198
06/01/20,386
11/06/20,164
12/27/20,15
05/28/20,116
11/29/20,71
08/12/20,319
12/15/20,37
09/11/20,298
11/24/20,306
04/18/20,13
06/14/20,376
07/26/20,151
08/29/20,299
06/14/20,483
10/24/20,77
04/04/20,458
02/03/20,180
12/16/20,336
10/17/20,323
11/12/20,168
09/04/20,150
12/07/20,79
12/04/20,273
07/06/20,475
02/13/20,168
08/25/20,20
09/18/20,220
09/23/20,420
06/07/20,143
12/26/20,485
12/22/20,170
10/08/20,317
06/17/20,251
06/03/20,212
05/01/20,314
12/12/20,381
08/09/20,195
04/20/20,97
03/18/20,253
11/26/20,262
02/01/20,257
08/19/20,130
11/27/20,474
07/28/20,75
07/27/20,172
06/22/20,137
06/07/20,170
01/21/20,354
12/26/20,60
11/07/20,179
01/11/20,441
12/16/20,310
12/20/20,10
09/23/20,252
08/28/20,89
04/07/20,445
10/10/20,139
07/25/20,278
01/02/20,198
10/28/20,201
03/14/20,195
07/30/20,265
05/18/20,455
08/04/20,491
09/04/20,224
06/20/20,148
06/14/20,366
11/03/20,220
06/10/20,365
02/24/20,317
06/18/20,67
06/05/20,173
07/11/20,247
06/18/20,437
09/29/20,357
05/13/20,367
12/14/20,364
09/13/20,37
12/25/20,73
04/04/20,372
04/26/20,436
10/20/20,408
06/07/20,22
10/25/20,296
06/21/20,73
10/14/20,52
09/10/20,20
10/27/20,12
03/08/20,341
09/09/20,336
01/16/20,192
12/18/20,90
10/13/20,196
02/12/20,348
12/28/20,455
02/24/20,159
12/31/20,278
01/17/20,350
02/04/20,105
04/08/20,495
11/17/20,474
12/21/20,388
10/19/20,53
01/21/20,96
11/29/20,371
01/17/20,480
09/24/20,213
06/21/20,268
06/18/20,165
06/20/20,93
08/13/20,128
10/17/20,497
08/19/20,455
02/14/20,150
06/13/20,200
03/16/20,122
01/25/20,206
12/03/20,305
10/16/20,64
10/05/20,196
03/16/20,300
08/11/20,317
11/06/20,88
04/08/20,67
02/16/20,419
10/09/20,52
10/17/20,500
04/24/20,123
03/05/20,130
04/05/20,113
05/31/20,199
11/16/20,444
05/24/20,166
12/05/20,200
10/26/20,258
06/30/20,151
01/28/20,52
05/20/20,262
09/25/20,302
08/22/20,485
08/05/20,419
09/08/20,291
06/19/20,224
11/30/20,447
07/04/20,175
10/26/20,231
03/21/20,144
09/07/20,156
01/21/20,57
10/24/20,146
10/18/20,351
10/30/20,451
02/09/20,160
10/08/20,401
07/16/20,123
01/01/20,79
03/22/20,269
05/17/20,348
03/01/20,303
11/13/20,493
03/17/20,371
12/03/20,247