PurchaseDate|PurchaseId|custId|productId|quantity|discountpercentage
01/11/20|D81DA874-E0CE-7486-18AD-0EB7AD88F921|2208|E9C77E1D-C2F7-50C8-9E33-A67754991C0C|4|5
01/18/20|CE163016-C503-7BA2-511F-94E59231B87F|2523|AFB9EAFE-96EF-17C7-F463-7797CD643E16|5|10
01/23/20|26A1E568-60DB-1EA4-2A01-2FAD7D4228A1|3474|2E94171E-8783-3A1C-6742-9E7D7315AD9C|1|3
01/29/20|2ECA50C6-8A85-805C-3B34-86572B30F0C8|1842|117129AC-B987-0A16-7D65-A0350ACA682B|1|5
01/29/20|7238E2EB-2BDB-FF0E-5333-B4EB72A18E4A|3981|3039C129-2181-A0C8-7C5A-1BBDBF2EC92D|4|2
01/11/20|4EB2DE5E-F665-0965-1D1C-EAA147A17196|2614|CBCFD204-B92C-E3C1-92E2-0FC1B9F10762|5|2
01/20/20|7322211E-4EF1-B7CA-98D5-03878A8E2953|1370|00B1AC9D-6DEE-7544-03FF-F35DF14EA8BD|5|3
01/26/20|6F2E091B-AFE3-3C97-271E-E968B8BFC21B|2633|8927F3BC-A5E0-5347-C242-35BEBA242E18|6|9
01/07/20|10A4328D-7BAF-4C55-C50B-619FE4089C15|1840|FC8CB3E4-096D-A5CD-4B8B-CB3629DDCBDD|5|9
01/13/20|B21865C6-958D-B2EC-A940-5657BC03E463|1945|A1B23DC7-FEB8-E06F-A946-841AC53320C3|4|8
01/26/20|354AF202-331D-B89A-55CD-8384C3F71423|3300|0FCBE424-44C9-2F50-8165-4CF61EA65D7B|6|2
01/30/20|6E603193-A737-F4A6-8F00-A133AC4C3496|2848|9F7CFFB7-30AC-B493-D09D-FCB11BC581D8|6|9
01/17/20|8AD7F06A-7C8E-0D92-6401-4CEE0C35D56A|1133|941641FB-9124-192A-B4A9-1C16C0BAEAB5|3|1
01/21/20|4D83ABB1-D9B4-C5BD-C861-F0DFB1BC1567|3728|816A7FA7-7EEF-352D-6054-514447B181F8|1|10
01/21/20|0AEB7282-94E3-D0B7-5FAD-F45B92E4A457|3350|BA2A87AC-411F-ACD0-0372-0E4505762AE6|1|9
01/17/20|4F2FA2C8-8EC1-404E-7EF1-6E9BBE98E451|2508|6E2222C4-D39C-B7B1-CBDC-9B95541FF865|4|2
01/27/20|4E7EB961-0BEA-68E8-F76D-2DAA696C4EE0|1066|523C1C5C-7114-3836-4DE2-93CECD4D7502|1|3
01/19/20|A47562FB-278B-B2BA-CDE2-2F644F7386F2|1540|FFDF798F-D14F-06E9-328E-D49F8E74BF1C|2|6
01/03/20|B2815362-672B-9DD5-5549-6E5E54E43D95|3474|DFE14DC5-9368-E08B-4C81-620D3248DD26|3|3
01/17/20|B5B08469-9B35-B10B-5B2A-F3DD007DEA24|3865|DEACFB6F-5562-EC58-0E5A-4D19DE7DF4B1|5|4
01/04/20|9CEAE3DF-7123-3299-412B-A3A943D7008A|1458|A06A06C9-0811-8849-AE4A-ED7E9AFDCAC5|2|5
01/21/20|1658ACE9-D817-ABA6-2D89-902DEA8D7151|2487|2EAFBF00-4384-2417-B21C-4C411AA157DF|3|10
01/13/20|A87623EC-D1C4-D24F-A710-EE72E41C008A|2666|44029838-779C-D935-09E8-F2BE4B7677E8|6|6
01/16/20|A4273DE5-89FE-D979-B4C6-2583B88C56BD|2412|5E538E2C-811C-DD63-5A42-345DACE42845|2|6
01/01/20|83AF63BA-DE3A-D586-12A2-C85FFD548985|3828|4258663F-72B2-D130-C6C6-BB21F40C08D3|6|1
01/31/20|D8000203-63FE-3E8E-C2D8-D03DE1429481|1731|921983CF-9541-93CC-0BB3-A1156F817575|3|8
01/11/20|6E9C5B0A-A242-3E0F-C86F-AD1F859316C6|2281|BC04C147-D8DF-6B3C-8BE7-468BDFCC5ADC|3|9
01/30/20|4F1B3AD0-85E6-7DB9-E422-A955950143DD|3361|AAC0D409-3088-3D86-8D0E-5BFDDDBA8CE4|5|10
01/12/20|2ABE7862-015E-A0B6-B1EC-F3D3C9F60D5E|2573|15ACB3E2-2121-F758-38A1-38F822A5BD8E|4|7
01/30/20|15FDCCA1-ADAC-BF91-9B90-8E3DCBD4850C|3007|6A9A6612-36B0-64CF-B5C4-45CEC27AE255|5|2
01/02/20|927E9DE1-ECDE-8346-8846-D62A11AD86EC|3426|B73759C2-90CD-62F3-B45A-6784B9DE977A|1|8
01/09/20|5C06DE7D-CF77-BEC8-8097-6CE10AA17D10|1036|4D895427-0B63-319F-DD6E-DF17D5817D95|4|3
01/19/20|D159609C-B517-63F5-8393-D0A70FF7AC38|3486|EE8812A5-C1FE-C630-2F42-B9E37FFFC0CA|6|5
01/31/20|1AAD3504-A180-B6E8-92EA-DEE5E943659D|1838|F31DF3A3-4222-56C4-DC5A-1B32F8CF0140|4|5
01/03/20|C4F0C0ED-04F9-AF65-5BAB-6B4332FE1952|1384|5A407D81-1F67-5201-A951-CEF1ADD0858D|5|6
01/01/20|E7A541D4-BD5B-6EFF-9E2C-C14BE638CB4F|2529|E50A33EF-6E79-6477-0A45-49EDEE7B9716|3|8
01/19/20|1589C0FB-FA04-A457-E46B-5E9FA564F0DA|3162|8298DD3A-FC12-8B15-BEDF-F1F5929EBC81|5|1
01/16/20|F5EFA74D-51B8-414C-D196-989E3400E399|3526|DBC5A48C-36FF-BAF6-7349-589AB15BA7B6|2|3
01/17/20|5593569E-2B2B-5BD4-706A-69A8BC5A4DD0|2258|2918D7EF-DDC6-0968-EF88-A6CCC73170A8|4|3
01/14/20|B9E5283B-E972-BBE3-D34D-C8FF0185DBC2|2721|0A026818-5351-D6A9-32BD-5B127EAC8CAB|5|6
01/17/20|F3A319F1-88E3-78DB-4F08-FEA35B2C1DCC|1577|34882A76-AA25-A9AA-0C0A-BD4FE3C54328|2|10
01/27/20|7FB1FE97-5A36-CDB8-5840-8A1E6345DE71|2018|31ABBECB-914C-24BC-CD83-5F4CC268276C|5|1
01/01/20|8980C363-438F-6D99-5C04-D8D48B2C156C|2941|8B7E7492-7DE8-747E-C182-57FD5C49D8C5|1|7
01/24/20|75139B06-C6E7-7B19-7A4E-DAE6A91A3D88|1873|2474E4E9-9F98-8C37-EB3A-DBFD55D46E54|3|3
01/04/20|C8DB0790-3351-B7E0-46D4-7A18E32FDB97|3438|AF7B8338-FB89-77FD-CF03-EB73150C834C|1|6
01/08/20|19C7F896-3479-676A-8B00-20FAE943F017|2744|BC04C147-D8DF-6B3C-8BE7-468BDFCC5ADC|1|10
01/09/20|92172493-0DD3-B4CC-653F-D3133B18B582|3545|BC24937E-B657-7BDF-50CC-4FC88D3CAD8E|3|1
01/24/20|7C9012CF-ED56-A43B-B37F-B3E9B074CE9E|3962|8B5466AD-9BA3-8AEA-D509-E592F4F08B86|3|5
01/05/20|9DBE8AAE-BB00-CA57-64D5-BB56BAAAEF58|3659|653C6FEA-E9A8-9E2D-0294-162152B3DC60|5|5
01/29/20|D267338E-235A-DBE6-380B-0D572E27149A|2720|491A43C3-CD9A-98E6-E287-C716D25FE13F|3|10
01/12/20|26F39A2B-C565-47E1-54D6-72BB59FB649C|1548|8B5466AD-9BA3-8AEA-D509-E592F4F08B86|2|2
01/03/20|0C411BCA-3885-0FDE-46C4-4F6D33295631|3877|F22E1C77-6D16-C023-5782-BB284A8B15A8|3|7
01/16/20|CC903DA5-B120-7629-812A-18184B863AC5|3652|370EDA09-245D-2259-19CD-4564E06568AC|4|6
01/15/20|BE8B66EA-37E5-86AF-E9F7-7EB97554337D|2328|F167C99F-8C6B-245D-7C2A-AE9B338CBBE5|3|4
01/11/20|2885E2D6-B000-A5CB-2180-8DD3D55857CA|1392|B2F3E130-F4C4-C614-866F-4BC6FC4F5543|4|6
01/11/20|38F2B7D3-4A0D-1430-223D-E372D6F30930|1672|5DFE8084-2393-452C-5C5C-A764DECBC427|2|2
01/06/20|6D2810B3-7C2C-0924-74BA-8A85AF31E53A|2882|F6824743-CE08-CE74-E91E-9EE07DD867DB|6|9
01/30/20|391E6E95-E45D-DFC6-AEBB-C61C04BA5F40|3998|41D19D9A-101E-D839-7AA7-EC5056332A54|1|10
01/08/20|9961B766-BA03-AA71-E227-2279CF5261B5|1528|F31DF3A3-4222-56C4-DC5A-1B32F8CF0140|3|4
01/24/20|41A9F916-D91A-7F2D-D7BE-975D1EA7A351|2089|1DAB676F-BA62-64DA-12D4-2614887B8F40|5|7
01/18/20|3C069043-4DE3-3E2D-18E6-9B5740B41010|3861|3AFCB4E8-27E2-7C4A-10FD-A4397C312396|1|3
01/27/20|0A15ABC5-45FF-4AF3-AB8C-896C5EE42904|1441|F4F7FA33-B115-0C2E-7030-0767680F8E9A|2|9
01/17/20|D89EA13F-F94E-9C5A-4397-79263C5B52C0|1493|28EED111-3CFE-9A15-A50E-0BD17168DC19|3|9
01/10/20|6BFD8450-726D-78F9-DF41-09CF1EC2782A|3367|4125542C-0CD3-313A-6667-58220E4A3BCD|2|9
01/25/20|87C26648-FC5E-CD21-F516-4C53E0648A72|3242|1F1D641C-AD05-D51F-4250-28108642E645|3|3
01/25/20|6BEF6A9A-4009-F469-3386-B1E47DB58815|1883|C1B3398D-475F-57B8-FCB5-811E3CAC0763|5|3
01/05/20|F69A4B80-3628-551E-9DBD-EDA0FD3E23F4|2132|73FE97AB-F750-1174-5DA6-FBF41D8C347D|1|3
01/28/20|366DA64D-6080-B484-1B13-D3AA00469346|2882|081F4E4D-B23E-4FEA-E3F4-E300954FDED8|4|6
01/02/20|A9975090-D096-AC49-DB02-4D9537B1CA99|1484|2F88A9DE-ACBB-6469-0ADF-7362D55C0278|6|2
01/01/20|A53D1908-FD86-2BF4-03FF-A87442AAC4D8|2752|EAE94AA0-8AEB-70C3-7B78-66980AAB4D74|6|5
01/19/20|E0F9CA9C-9996-BE37-05EA-F62AAD14F6A5|1654|3DB44A33-4E39-FAB4-9E3D-AD665BF1BC91|6|3
01/28/20|4A66FC36-106D-D28C-5B44-A58DD9C287C4|2105|60629788-068F-B7B4-C49C-6C0DFB693A43|4|9
01/07/20|42BEF0D9-67A2-9FAE-656B-9F2312D24673|2060|EAE60B1D-7281-91C9-8FCD-D8AAD9C26579|4|6
01/08/20|737F627A-9DF9-A683-CF73-7E8B1B46E299|3137|673FE64F-2665-0C5E-0DFD-2ADAB313DECF|1|2
01/03/20|DA10BB27-76CB-1E2E-0258-3BAC34DDCDAD|2936|C46916EA-1EBD-3590-45B4-5C40FC12BD06|3|6
01/20/20|46695505-78C8-0129-7B55-0B884B5DCE53|1522|F0073DC6-B255-F3CA-551C-6A0AB0D89F9F|5|10
01/30/20|3E9C38CC-00BC-10B8-67A5-201ED8D8D51F|2335|779295D0-3406-1945-1370-3EF4B2455162|3|5
01/16/20|7D9FC80B-510F-71EF-D35B-99154F80D22E|1088|315BC932-5BE4-F8FC-FE57-A61B9E9DEC8C|3|8
01/29/20|7D4FB68E-156F-5232-EF53-194174E21FE6|1457|8287FC07-EEBB-88F9-5D47-C0306F60B1DA|4|3
01/29/20|EF2F01DE-5DC9-946B-228F-E123CCA09E75|3348|1ACB109B-2D0E-34B8-8675-A1B9100453E0|5|9
01/14/20|0376489E-CA88-C4EB-FE0E-0EF7C57939DB|2904|B66A8C10-6BA8-C938-EB85-3BEBD41A0CB6|6|4
01/28/20|207DF8CF-B248-8A17-6D7B-3D674E7EE7F6|2324|0A667CB5-CF29-A6CD-DE87-00C848F44A25|2|10
01/23/20|883FA76D-DC53-7DD1-B7AA-6B0C12C55813|1628|A45DC17F-0ECA-15FA-9DAF-B482456AC7F9|2|6
01/25/20|CF1FF0EE-B610-5CD1-0C72-BDC5E77266AD|2727|A2E3628D-81E5-F30D-91E2-88E3FAC3067F|3|1
01/10/20|B3D57AB2-C16C-9833-332F-85193E34A87F|3615|C8C0569B-0E43-9866-432D-9EADF2228EAA|5|4
01/30/20|2E2236AE-1D16-2D44-CF22-C493D1FCCDA3|2443|A42C2B18-FA37-0750-878F-B9F84EEDCAD0|2|1
01/19/20|46FFFD1E-819F-7EBA-8E1A-0F2B8EE44516|3782|5F5F9118-5647-F723-D151-218E525B81C5|5|1
01/22/20|B793D941-7278-A4FE-ACBA-1573916FCDA2|2017|44AAA3B9-F304-26BE-F536-E5622179399C|2|3
01/11/20|7E0A5AAC-EBF3-6BF6-3A47-622AF30905E2|1094|9782E1D2-5560-C8F5-7142-E94759FC8544|4|1
01/26/20|782DC12E-B47E-3935-3DA4-B9E1DC68FB01|2880|0653C650-C6A2-8A04-D0D1-3894AFDC4352|2|5
01/01/20|86A58279-4DCE-4C1E-9092-96D96C741648|2956|28EED111-3CFE-9A15-A50E-0BD17168DC19|2|10
01/20/20|BD4D87EA-BE58-39B4-21FB-A6A1E177136B|2121|33819010-234D-48FC-2611-FF805F216131|6|3
01/13/20|7F873791-E63F-D5AA-D7D4-74C2293BB58C|3797|59EC2D88-FFCE-5823-A3CB-7FE4560355BE|2|6
01/01/20|42885354-D0AD-F553-553B-336BB61C07E1|2250|E50A33EF-6E79-6477-0A45-49EDEE7B9716|2|8
01/06/20|456268CA-A409-BCF1-9CAE-8E98A012D15B|2544|C77C211F-55FB-25EE-2196-0359778581B4|5|4
01/16/20|2B3EE5AB-D3DC-08B6-8184-DB3EDB59623F|3256|FCDFFC0E-246E-54EB-331E-A974600CC8B1|2|3
01/30/20|626F5EDA-A182-7C4A-4470-F1503C135058|3267|042FB420-7CFB-7F19-9830-9EBF4D5783CB|6|1
01/26/20|7E0D4BB5-12F3-7352-831B-A7840408B37C|3180|B109433D-D52C-6478-EBDA-BCCAA5004B23|1|10
01/23/20|EFE12458-BC61-436D-7C18-F711E85378D9|3495|3FE7CBA3-A714-02A2-2B6B-8512FF5B838F|5|6
01/03/20|E6E1A47E-815B-7256-6605-7F35C9188582|2608|7CE435EA-EBD6-E713-6E46-D09F1C5C7895|2|9
01/12/20|CFC84AC7-2725-9879-5DD9-8F074CF6CE33|3145|A2978D15-2544-A852-E469-B068860D85FC|6|1
01/02/20|D3BC0EBF-FF91-E19A-3ADD-F4B8B5FCB2F3|3448|AD4CF58A-FA71-2944-43B2-44F8D79C5240|2|3
01/14/20|78619211-4B6D-B1F7-DC8C-E7A43EF7EEFC|3591|C46916EA-1EBD-3590-45B4-5C40FC12BD06|1|4
01/05/20|4A6B4CC3-7108-7F30-21A2-D16927507ABC|3230|248C3D29-5345-E59F-E1E2-018D07F108D2|1|3
01/23/20|2D073639-A9B7-A51A-1A14-965167C4BA24|2295|B89EB816-8E4E-89CF-35FC-2843B37D394C|4|7
01/24/20|725BD58D-9643-C51C-6327-7F3592CD96F8|3187|AB6A3460-F82B-154D-4EDE-EB7BEB2EAA83|3|10
01/22/20|B1D1B195-0A41-80D7-FE84-C518DF99DD8F|1717|A42C2B18-FA37-0750-878F-B9F84EEDCAD0|3|6
01/24/20|9D759ADC-AAC4-A837-5BF4-75655D8EA99E|1615|6A5A585A-7A03-67A5-F579-71155ECC79E2|1|7
01/27/20|E12A97D6-3FB6-873C-5270-DA05A327A393|1940|1D15B321-C5C7-C8EE-2A6F-DC264233221B|2|1
01/06/20|FB7F2106-4796-E39E-E184-460D647A0522|2605|E0B6243C-E0DF-30AB-95BE-E47D9A3363CA|3|2
01/12/20|2E03A511-26D3-DCF7-A780-AAE98D256E62|1563|1E8F4288-05E8-DAF0-8308-96EC9628FE55|1|10
01/25/20|B36F307E-B3FF-2809-3760-9E40D94DA40F|1223|FBDCB57A-0EA3-7853-C41C-E3DD772E5A4E|3|7
01/23/20|ABCD2535-E4A1-63A9-055B-BC746CE6BDD5|3539|5C37D6FE-5476-2597-64DA-B2D12529BAC0|4|6
01/13/20|0A521B88-F1B8-EDAF-0D4F-496D5364001D|3339|916CA07C-7273-0CAC-C80F-B3FAB21B238B|1|6
01/27/20|EEC7EAEF-A9AA-F3A9-4425-5D63FA21C7CD|2899|D1518F57-82CC-E3CD-D14C-C10CB9092989|1|1
01/18/20|516EF49B-ABE8-61B3-0854-52C496A25866|3180|370EDA09-245D-2259-19CD-4564E06568AC|2|10
01/10/20|FE1D0CB0-14BE-024C-8C2B-BF691903814B|2297|175825ED-D324-91AC-E815-8D49D3AF8DA9|6|2
01/23/20|1A350F91-5926-F3F0-A321-A335D60E9A53|1453|5EC5A1CB-01E2-1E11-FFD7-394A05EE735C|1|4
01/19/20|83637FFC-D174-F7E3-BD19-9A86CA232D43|2150|B886418A-B53C-51B0-7CC7-43CFBC37A933|3|1
01/09/20|1719265B-83C2-44D6-335B-B9196D25F82B|3726|45DED397-069F-52ED-E5DF-1B751092275A|5|9
01/09/20|906F02A6-FEBD-4E1F-0FBA-2F7843124A57|1248|F5A2E7EE-630D-2828-EF78-F32F9722DF84|4|3
01/08/20|7B2B194F-015F-450E-4586-4CF355072F2E|3313|57B095C6-78B4-C29B-D321-91FC1E3880D7|1|7
01/13/20|1F07FC31-BC8C-01AF-A493-458DF3542241|3084|F6E8B1C5-EDA1-E979-E137-72DD576FEDB9|3|8
01/04/20|466F3D14-4E7F-13DE-672F-D5F8D3F17539|1567|3B95C611-041A-D5CE-1813-7AEEA9576FDF|4|2
01/25/20|8BBE8D65-7530-F852-ACA3-E28A0C667048|1871|A55C55C2-B4BA-8DF1-B3FC-178B13D183DD|5|3
01/30/20|63F78EC0-1513-314F-AC6A-B477A9FB7287|2456|3E80F394-12C8-7981-0B18-CEEFC358D9E1|2|10
01/01/20|DB3C4D3F-33FB-5527-0D96-71F1FEC60912|3294|AF7B8338-FB89-77FD-CF03-EB73150C834C|3|7
01/22/20|8F8DB64C-054E-E0C0-E631-FC7757ED473E|1683|72AC6083-7708-5699-745E-9611E27A2FEC|3|7
01/27/20|DFCB6DEF-7616-2676-A27C-CECEDFF55804|1839|E012E14B-2D25-6E75-F175-A2B76A0D0242|5|1
01/03/20|6E0E9F1D-2EFB-AEE6-4D53-BDDBCF2D8E05|3586|7781FD8F-C058-D11D-3F34-DFBB94540A38|5|8
01/15/20|D074BA9F-1154-7FED-0BC8-9A73A97C6231|2392|466630E9-9CA8-D4D8-B54B-C7E50769FF02|3|2
01/10/20|3FE3C0F5-DD8C-2670-6AA0-294E29F7BBBB|2408|DDB83DE0-6DB5-3ED7-7E0B-6008A9CEDCF1|4|7
01/30/20|DF37D398-6E70-2D4A-4B88-5B41F9CE933B|1811|FEE467C2-C123-867C-036D-C3D6D5BC45B6|6|3
01/02/20|A33547B8-2210-2A83-08CF-8E8E028E782D|3631|DDB83DE0-6DB5-3ED7-7E0B-6008A9CEDCF1|2|9
01/14/20|5C331798-3D9A-4C39-2074-9A254FEE42DE|2811|6A4672C6-0085-9AE1-7018-BCFABD77371E|2|6
01/16/20|284FB671-193D-1382-F8BD-02A91E3932ED|3812|F77C5CD4-602D-C6EF-3E44-3DD4AD2FA8BD|1|3
01/21/20|1016AAFE-A6EB-E97E-2B4F-D165309BD6BB|2683|4045542E-6DE6-D1AA-03D5-0569821CAECF|6|7
01/10/20|33893537-178A-41F6-2772-978C6F27B1DF|2705|BE5647A3-129A-2EFF-636E-B72782603EC6|1|9
01/09/20|5E47A3CD-C86C-3E1B-7140-21CADF6D67BA|1289|149657B6-74B8-7E9A-AAFA-D815106AEBF7|6|4
01/26/20|FB0BB53A-3E25-DFC4-AD5F-75B994AA29BA|2046|38EB11C6-2D32-F876-B0EF-875A0C22A871|5|1
01/25/20|B52B1BE5-CD3D-E40F-59E5-EE666CFE554D|2055|CA3D5B30-00F5-9F53-BEF5-E23F2A7A6979|2|1
01/15/20|0BA451C7-0162-5B18-8C19-03FE3BA646A9|2185|96F4266E-7565-EC99-0471-25E8CD19E38E|1|9
01/30/20|64522873-8D62-301B-663B-869F8B01E53E|2303|5F5F9118-5647-F723-D151-218E525B81C5|5|5
01/13/20|4439EDBF-ACB8-71C5-72DD-17F049473B6E|1419|4670C740-C173-9C3F-0510-07F62C54EF0C|2|8
01/11/20|5746CC50-7039-574D-A9CD-8E566AB055D8|2448|B85B8EDB-3808-C305-5E07-C53DF4236306|2|7
01/07/20|DC4EBB63-835D-0AEE-58EB-E086F02BEE40|1670|FC8CB3E4-096D-A5CD-4B8B-CB3629DDCBDD|3|4
01/21/20|2268D8C9-7D40-2767-9C9A-4253ED2E3007|1013|7A3559D7-92DE-CC0A-CA4B-ADB166DBCAD0|6|2
01/03/20|43E586EE-380E-66F7-5E26-CDF3707424BE|1175|885FB4B5-4766-C514-E75F-117C83505B9E|2|3
01/30/20|0DA54D96-0A90-BA53-EE6E-08A8703C42BE|2350|514874A2-9AF8-94C6-4F53-58A4B3D88107|2|4
01/03/20|F1CB30F6-3727-64FD-094A-B8FFCE5D74DF|1840|11302370-9EC7-2AC4-081A-8A2BD24E31D7|4|6
01/17/20|0144A4E5-80DA-A152-80D4-F3A3E9E098B9|3280|32083A21-9FF8-C26C-0B0E-658E0D9A9372|2|4
01/21/20|37A12297-7563-EB9D-B959-F5D481103971|1432|C43464C4-B7EB-81AB-2AC7-B9C81BC3CA85|4|6
01/28/20|7EF008D0-8EBE-6033-3515-DB56EC82F7E6|1183|B2D4F1F0-B6D4-7BDA-65CD-9CC8081B2BCE|3|7
01/19/20|C47792C4-D741-1F21-9892-9765B4CEB78C|2711|20442531-C845-EDE0-7B51-54D85C51EB3B|6|3
01/31/20|5DFAFB96-9392-E6A0-41B3-24772AFFABA9|1251|F11988F0-5AC2-981E-65C9-DC35A9A7C36F|6|9
01/14/20|105EF95F-E269-7CFC-0BD7-6F164156F238|1813|0034244F-9038-3BB4-2EBE-83E160F01F53|4|3
01/03/20|8F7EE984-3434-9193-B3B0-9D1397A32FDB|1713|23614D05-CC6E-7D7B-FC59-2672F09503D0|3|2
01/17/20|E357DF8B-D7A5-58CE-5416-03FB4FE1928E|1362|45FCCB84-9780-5102-D4BB-0254C6A62221|5|6
01/02/20|182A9FE0-685D-D169-1B42-6D713F6FE1E7|1450|F5B3D114-AE72-3A0F-6C48-8A4DD6D64081|5|8
01/05/20|32B528AA-D264-B251-8557-D387C237C17D|2232|3E80F394-12C8-7981-0B18-CEEFC358D9E1|5|1
01/30/20|803D26C9-C4E9-7108-A868-AA9D63C5A65A|2892|24BAB7E9-9A45-C6D7-69B0-6FCA33430928|6|2
01/16/20|D319F311-B7DB-CC34-83F2-A5CB95EAEC6C|2667|FFB98D46-62BC-57F5-93E0-C9328AFEF76F|1|2
01/25/20|7D8B7BC2-143D-C335-5009-6BAA089EC7AE|2902|B20D39E6-980E-27F7-67E0-DA003DBEFBCF|1|4
01/04/20|37DDECB3-133F-63AE-4774-5D9C0B384CC1|2299|A06A06C9-0811-8849-AE4A-ED7E9AFDCAC5|5|3
01/29/20|9FC39ECA-04B8-805F-5944-27D748DB86FE|1500|F5A2E7EE-630D-2828-EF78-F32F9722DF84|1|9
01/23/20|D10C5E75-542D-FF80-2C93-BA017B16AB04|1245|F4DE884D-E28C-712A-01EB-54B8CF28A3C9|1|2
01/08/20|0B8DCED9-9E2F-28CB-3B67-C6E740CF29AF|3457|975ABF89-BE7F-E598-5A72-BAA146BD0D85|3|7
01/29/20|DA9E3F1E-8093-7CDC-3D6D-02B5AA4248F4|1373|E71BD079-B42D-578F-F2BD-9DFA1A6EB3B0|1|10
01/03/20|7A187EA2-EF8C-A6ED-221A-14BA95E36B49|2493|CCC66FC7-9133-4165-4A90-F49440B097E9|1|6
01/03/20|E1DDE17B-DDAA-6FAF-8DE2-9E4853033CA1|3907|CF3499ED-FE5B-9813-532D-4BD9FD336BB9|6|5
01/22/20|6DF9D8B6-1BEF-1B40-9438-8B4018AE12C3|1051|6582BFF7-31A5-8937-4344-A279E85CA3C2|2|10
01/31/20|973398EE-3FC7-B33E-F036-86B88A007E95|3620|3C00E049-3783-1189-B0ED-ACF2D3C1C175|1|7
01/16/20|A6B11772-2797-450F-5CA4-963476DF5522|1285|BA6A1AF2-AB79-FC88-AE90-742DD7AD44C4|1|3
01/30/20|93E60C44-489B-CB6D-F934-BEB5BD0115B2|3663|BDBB7415-7184-0DC0-9412-38A822B4EBD5|4|5
01/07/20|03DB20BC-89C5-6005-337A-A9892E55EF71|1652|A06A06C9-0811-8849-AE4A-ED7E9AFDCAC5|2|1
01/05/20|3C17DDA1-9DBC-C69A-0652-FD0087B5840D|3370|BA9AD6F7-00AA-C80C-D3F8-256F076B303D|3|6
01/10/20|05B82C13-DBA6-60F8-B5BA-35E534DC0BE2|3729|65EEC448-0C76-F8FE-0F1E-98454824C232|5|7
01/21/20|8802A57F-30BE-E5D8-C72D-25D6EEB813AA|1546|2A4617E7-65DE-5D96-5998-5C7EECAEBAE6|6|10
01/16/20|909AFC54-A4D1-DE0F-4C55-E36846EAD6D2|3999|D6EA7CC2-B292-A089-98EE-D184A7F3F06F|2|6
01/15/20|07951D79-E3F5-A281-5008-6AECD7E6E47A|2431|1ACB109B-2D0E-34B8-8675-A1B9100453E0|3|1
01/07/20|3E6CE503-1900-FA0D-E657-45D91E1FCA2D|2759|6E2222C4-D39C-B7B1-CBDC-9B95541FF865|4|3
01/10/20|3EDF97D8-6849-6E3F-1163-73E6A40DECAC|3097|06B2036A-5F1C-8D37-C9F7-BA9719A4A86B|3|4
01/24/20|2483AF68-15DD-31D9-E87D-ECFD221F1401|3328|7BA27531-9599-9D6A-91BE-88F042EAE84C|6|7
01/05/20|DA0CBDEC-46F9-5C00-C147-A813EAC7DBE2|2404|C986FCCF-1A72-F55A-DC0C-D0A0E0CAA850|6|3
01/24/20|6AF37752-3397-4515-A42C-9BDABCE7B020|2821|D67CF95A-8B19-BC11-22A9-BC3496A59506|5|7
01/23/20|749AB676-8863-D654-EE62-6AF64ACC21D1|3222|9C10D542-871D-D1BD-2F9A-99DDD0E148A2|5|1
01/30/20|EFEA33C9-022B-8A78-D9D2-A630CA260DB5|3435|A0622BF5-3972-F2CD-34BB-A66CA7152F2B|2|5
01/12/20|BD75D4FE-0EB0-E7E2-B1DB-20B05178B570|1690|4125542C-0CD3-313A-6667-58220E4A3BCD|1|7
01/27/20|B6073516-D6C4-F177-A2E6-F629268D6137|1768|158E0ADE-06E9-CCD7-C137-1501253276A2|2|3
01/27/20|80E067C7-A41E-BEA6-B8CB-1BF94F3CFDCB|2419|3FE7CBA3-A714-02A2-2B6B-8512FF5B838F|4|7
01/24/20|7B669AC2-70D2-1D85-0AD7-EA80EA1A26D8|3001|40E5B327-73B2-A53C-BD8B-88EA968AC115|4|1
01/11/20|740CF09E-B113-F1E3-4454-FDFBD36F528E|2560|E50A33EF-6E79-6477-0A45-49EDEE7B9716|1|10
01/01/20|1CB854B0-9D3D-887B-25EC-5BDBFFC8E3CB|3996|EE8812A5-C1FE-C630-2F42-B9E37FFFC0CA|2|7
01/13/20|614B9B16-9BA6-0C71-0D2C-2E29655B2368|1359|D86D3756-CA0B-C238-8B42-21C3F199592D|6|4
01/30/20|BA20E356-6961-5BB4-74B0-5A7342DB82A3|3124|26316900-2E93-C19A-362C-2883FDB702A9|3|6
01/26/20|046F1842-C7A1-9F08-C73C-210CAE159125|2352|509363C3-1C2C-BE72-A0B4-B534BEA13057|5|6
01/17/20|60B5C571-1A49-5603-A6F5-27A5991E604D|1816|6A375E74-7CD6-A48C-F1DB-4AE76797202F|2|4
01/23/20|80D2A03F-3AA6-7BD9-6DA3-07C2381E91CC|2712|1BC52EA9-6367-9075-ACC2-5F84E8D3D14D|6|2
01/03/20|34C99469-DFAC-DAAC-9055-E52F8446805F|2787|300760FA-64EA-8688-BDEA-056212A752C2|6|4
01/05/20|83FCF8DC-D7A2-962D-2302-0FB9A0417AF5|2979|EAFD6356-6B3D-9A0B-6570-21BFA0118C94|2|9
01/11/20|D082ACF6-9175-7BEE-3B47-EA3F05C2CFAD|3515|5CF26119-186A-2FAD-DBB5-F356B133A274|2|6
01/19/20|E9CA0220-6B26-308B-1427-BF3512EAB7B6|1163|73B9EA0E-132F-1820-903C-A71B5C6FDD57|1|10
01/25/20|1F74FA76-D2C2-FD00-B6E7-65CCD2C71871|3168|B7BEE5F1-2047-E25D-354B-042DA406DD35|3|7
01/18/20|4ADAF86A-EFB5-687C-E04A-64A18FC325E7|2812|19CE201E-0323-EEA2-6F27-8488F872DFC1|5|4
01/29/20|80FA6D37-A5B7-A05A-6A5F-FCD9CC1BBB07|3647|FC798F75-6303-CE91-2DFE-65A6039F014F|5|3
01/19/20|2E410CC1-000B-C9F8-EC4E-BA3123093D37|3063|1014C06D-ECDF-B669-FC90-E45BA3B03044|6|7
01/14/20|178A09C8-D12C-97A1-3F12-A435B7E8E267|1906|91C75E14-909D-C369-8C73-922D5232EC7D|4|3
01/23/20|D5FE81B5-1301-87FC-3DE9-AB82C0F6B055|1483|0A026818-5351-D6A9-32BD-5B127EAC8CAB|3|5
01/23/20|9721E172-62BA-B60C-0BE7-C880BA48110C|3422|A4174F2A-A749-CE7B-1254-13BE945EBACB|3|5
01/04/20|6C2C26E1-A6D5-1F4F-5BFF-EBF64811173A|2601|0D46F4E2-7F8C-AC28-E583-89A5488047F5|2|9
01/11/20|7BB2A183-68BF-26EA-BAD2-6110C0B7C01E|3330|3B95C611-041A-D5CE-1813-7AEEA9576FDF|3|7
01/22/20|F5038760-7B51-3D15-A30A-2B9659D785A9|3697|3F5AEA93-7364-F479-032A-D80E75C24727|4|3
01/27/20|11233827-607E-A8BE-043C-4466B0399F5C|3841|7FD4DC9A-9166-8CD5-F301-1F63788CCE2A|4|10
01/27/20|951F4223-D775-F3C4-CEAB-72AAD1FFB398|1715|3FC86E0F-0ECA-D88F-AE80-8DDB14374F36|6|6
01/30/20|69C5A30D-C3B3-D3A5-9DAC-E1AE67819B89|1697|45FCCB84-9780-5102-D4BB-0254C6A62221|5|7
01/11/20|45A82C9E-8883-42C3-3423-951369B67B88|2551|81926CF5-CE31-87E8-71F3-3307CC3870D6|6|4
01/29/20|5FCCB006-55CD-0641-56A9-264F8970176A|1818|300760FA-64EA-8688-BDEA-056212A752C2|3|6
01/08/20|AED38C57-3F00-6234-E0BB-6417AC467B46|3174|3BB9D45B-3B65-8DCA-CDC5-D0CD741646CE|1|10
01/19/20|B6547033-631C-3917-FED9-970991B37866|2302|916CA07C-7273-0CAC-C80F-B3FAB21B238B|5|2
01/10/20|2F94F111-39F6-AE2F-F885-955BC8C57BBF|2739|8287FC07-EEBB-88F9-5D47-C0306F60B1DA|6|9
01/17/20|CE6BFFAD-AAA9-EE67-9A93-8F3EDF40CA60|3162|0714B525-5B92-323B-4229-200969999C6A|5|1
01/18/20|5D489A7A-51FF-F992-EB62-9BB72BE4B93D|3757|B820B3D1-0F2A-A085-5791-11978DC2105D|1|6
01/10/20|941A187B-398D-C349-44CF-736849D2B4CB|2172|19931A4E-3EEA-24CA-91EC-92A955B857FC|4|7
01/12/20|C950153A-83B0-F958-A29E-BD01678D56D1|2978|AEBFDF6D-2C1B-6DB6-7CFB-9C25C5427719|3|3
01/01/20|F2C70033-043C-A0E1-E47C-BBC73C9DC2E7|3063|E6E6EA47-1D2F-4E83-9DB1-822DE4C6A133|2|6
01/24/20|C7647EF5-6A45-C668-A052-080BCF850AF3|3714|F22E1C77-6D16-C023-5782-BB284A8B15A8|3|8
01/05/20|83BD994E-77BF-4844-07FC-4550390D2F28|3985|9F7CFFB7-30AC-B493-D09D-FCB11BC581D8|6|5
01/20/20|DA1329D5-18CA-BE2B-2E40-39BC0DA4ED42|2481|F098945C-7707-969B-D4D2-14BAF3E2112E|2|9
01/29/20|23D83886-19E1-D115-DB8C-C49BD78E68A9|1594|D67CF95A-8B19-BC11-22A9-BC3496A59506|2|7
01/05/20|59AD0239-9B22-1A53-EE02-010C40EFF9AD|3812|DAAE7191-ABDF-2D58-D1B8-BA1D1F3C89C4|3|9
01/02/20|D744C362-BDAA-3122-3DAC-77C04F53D6DC|2485|D1365353-CA2E-913E-5D3C-96C14D3EECF4|5|5
01/07/20|A4A9B711-8426-434C-995F-563A75A5746F|1636|1B90E091-5376-39DD-D7FE-04D3A9CDFBA1|3|5
01/02/20|C8BD288D-3C26-83AC-B0C6-A17809C2A9CD|3557|29E3D89E-B1E7-6042-A789-DAD5660D7FE0|1|3
01/26/20|AB8E1EBA-62BC-BF36-9BE4-93FA1164F931|3871|B5138988-C5A7-398D-44AA-CAA1BD41CC2B|2|8
01/28/20|5412DC83-E2FC-149A-DAFB-B60AF9077FEA|2584|B5CF610B-7333-199C-C449-E7B5D7D6F873|6|1
01/07/20|4AE9A59D-5811-3C9B-2A69-A23916FB1CE1|1043|00B1AC9D-6DEE-7544-03FF-F35DF14EA8BD|3|8
01/27/20|FF7DBE2B-0A14-79E5-6FE8-3DAA96C778A7|2898|D9E0ABBC-65BB-261B-A040-33775D4C2965|3|6
01/18/20|CFB9E057-0EE0-3FBE-0D2F-F52466C27DDD|3802|E6E6EA47-1D2F-4E83-9DB1-822DE4C6A133|3|3
01/28/20|B18D7B5D-8402-A6B0-19F2-A6F69A3BE98D|2322|6480B4E4-6F1A-46E0-3081-E0119A559E52|6|7
01/02/20|2408792D-56B3-3EF6-B078-085D93E12912|1855|208E8EB7-4746-4BFE-8190-BBC7C863D944|1|2
01/15/20|1BE4702F-A32A-5E21-082E-60EB5B0378E3|1233|E71BD079-B42D-578F-F2BD-9DFA1A6EB3B0|5|2
01/19/20|7D06B68E-E0BA-19EF-F8A5-97DEA0DF7821|3250|A580991C-C164-FFB2-B166-AA5897F3BE44|6|8
01/17/20|D2D39B82-C602-8575-2FBF-6722057E6CC7|1169|CC775A3E-7682-7F95-0A32-23AEDF99C9F6|6|3
01/25/20|4F876743-7E9E-9F7D-10D7-5F84C8AF61CE|3660|1D15B321-C5C7-C8EE-2A6F-DC264233221B|4|2
01/19/20|5F5D08BA-BCED-2535-0750-3F02FB88BAAD|2555|6582BFF7-31A5-8937-4344-A279E85CA3C2|4|5
01/23/20|7816CE02-32AA-E0C7-F15D-4ACC3577A8F3|1072|2E94171E-8783-3A1C-6742-9E7D7315AD9C|3|8
01/17/20|02B24ECF-20D2-465A-AC11-0334FA89C850|2770|1463A0F5-208B-BCF8-8B0E-924205F321AC|2|3
01/04/20|268C2221-F09B-3E18-053B-612A0B746171|2532|4AA8F2E4-40BA-52A3-67B4-E39AAB1EC527|4|3
01/18/20|DF0D6677-F0F2-924B-0E19-1470605978A0|2150|035033B3-D44D-FE50-AD09-3DCE891C07B8|3|1
01/23/20|E0D7C328-E396-F591-77EB-9ECD4AA39F81|1208|BA0E1540-5C31-67F2-557D-57C8B62BB5DA|6|4
01/20/20|A2A690A3-E81B-2BD4-1E81-2E7CCE8CAC61|1975|3BB9D45B-3B65-8DCA-CDC5-D0CD741646CE|3|2
01/19/20|DC300510-A60D-2945-890A-2FF1632D4FC1|1916|75484038-B51E-AEC8-C8BD-BB8C944CCFB2|3|4
01/19/20|64A96268-94B0-32D5-A1E4-77ED2E72D70B|2161|6CDF61BC-F90F-C191-BE92-A96FD458E951|3|3
01/22/20|1B6144BC-D223-036C-E709-3478B3A581BC|1470|824ED4B0-A1B0-AC98-CED7-8E2A9D322B43|4|7
01/22/20|BE3DB7AE-CF04-F95B-7443-7944830F54F5|2782|20442531-C845-EDE0-7B51-54D85C51EB3B|3|6
01/08/20|A0ABE2EF-FC2D-D6CB-05CE-B52B4B7176A8|2187|45FE57F9-6288-6213-4BB9-581F0EC658BF|6|6
01/22/20|FDDB13E6-6FD5-F92B-37C5-92D3424BC562|3649|59278C88-D3BE-1474-5785-02A270B8B56F|1|9
01/21/20|532CB7BA-2831-5DA7-2C92-6584DDD902A3|1032|993536D8-2899-2F2E-B77D-8D369D5B6AC2|6|3
01/20/20|19BEED1F-7D8A-9C19-5222-BA502397E0CB|3647|8D8D3D8E-776E-C677-D6C5-C592D38518D1|2|3
01/21/20|CF956FA7-61AE-FF7F-3217-CC9C696EF143|3192|E71BD079-B42D-578F-F2BD-9DFA1A6EB3B0|3|4
01/14/20|46404713-5DB2-EC1D-7B5B-2F00AE3F5DEC|2412|8905EDBD-E1C3-1816-DFED-EA17048D41A1|2|2
01/22/20|520B6B63-4A3F-72AE-B66B-609384985CBA|1690|537B8303-3641-BAE2-8640-50106DC90AFC|5|8
01/08/20|50E0846B-D939-E7BC-D673-FD5382910FC5|3763|7C76CF10-7AA5-B90D-DD91-BE7731BF867A|3|10
01/02/20|7CFE03A9-3A7D-C822-6DE0-347734F96DC5|2338|D960690D-5738-8C65-EC51-380AE562AF4A|3|6
01/24/20|6DD22AF2-F72A-5398-954C-BD8D3808CBCC|1333|A5FC36B6-05BF-4A8B-7840-68293135EE0C|6|3
01/19/20|0E38825C-5A35-F276-D695-32F3D53ECEF4|1529|A886C29D-3F12-B085-0B0D-E5DB13F51BD5|1|10
01/01/20|ADC20D83-DA3A-47E0-3EE1-EE49C964D37E|3689|A356C0D1-5432-95E4-5496-2B74D1793862|4|6
01/01/20|38305CAC-3DAC-6696-20F3-2EB7735A0B1D|2179|5E538E2C-811C-DD63-5A42-345DACE42845|5|9
01/08/20|AC15FDE5-FE78-987D-DFE4-D5847FAFECF1|2109|021BBFAD-8088-2816-7F64-0D3E26B3ABEF|4|9
01/10/20|555D7D57-B695-47E3-28C9-CEDEF8BC5611|2012|CCC66FC7-9133-4165-4A90-F49440B097E9|6|4
01/13/20|31F2E86E-5E5C-BDEE-41A7-8D2B1D1F22DE|3901|3F83A2DB-2673-76D6-F949-2CE8C73DFB48|3|3
01/23/20|9D037D6B-963D-3F03-367C-FD67723A8CB4|1804|45FE57F9-6288-6213-4BB9-581F0EC658BF|5|2
01/12/20|E7ED3DE5-1570-EAED-E41B-14EDB9072F67|1343|3FE7CBA3-A714-02A2-2B6B-8512FF5B838F|6|10
01/28/20|BEE536CC-935F-2A30-09D0-2A7DD3DD889F|3525|9BB8BE8D-BFD9-4C8D-C3D4-55A3888AE75D|1|5
01/29/20|08881E66-E009-448D-CF75-B788A06A3757|3577|0ED07402-3ABD-A5E9-2486-9C2B52836A46|2|9
01/07/20|887362FF-88EB-9765-CB3A-6800FDCBAFAF|2371|AEBFDF6D-2C1B-6DB6-7CFB-9C25C5427719|4|5
01/28/20|0F5A562F-8E6F-F018-5325-C1C20179AD6B|3741|76EFF983-7081-3D06-F2D2-20F541CC78A2|4|5
01/27/20|DEEA6EC0-F421-B065-5DA6-11F70B33406D|2394|F8F7A226-7496-BC3F-70D4-E5E2B4E96A3C|5|1
01/27/20|6871027D-D633-CDC6-26D1-745FCB8F79A1|3291|F6E8B1C5-EDA1-E979-E137-72DD576FEDB9|1|3
01/31/20|08C3B069-A979-4EF8-E532-704027B9D135|1067|1E749FCF-6B21-5EC9-04FD-BA8ABC4DA0C2|3|8
01/10/20|0732BD05-4BD9-1283-1E06-504E9337FFE6|1814|98CF6ACA-B366-21DD-8603-A066F063C3F5|3|9
01/14/20|044244CE-EC15-8206-31ED-FCC00BE46B4E|3072|11F32A3D-B6C5-6D3B-5BAE-A8BAEDC8D42F|6|7
01/08/20|E4F326DB-C9F2-0DFF-5109-63FB08DCDA42|2487|CF2930F7-F040-D417-46D3-4E18E6E01B23|6|1
01/12/20|8D0F054D-DBC7-4C78-4F9F-379E0B510BF5|2183|43CAB189-4D2E-21E6-0013-E4DD2DA3966E|5|2
01/14/20|2BAB0F53-E0DD-9889-BB67-7B2B7E04D13F|1794|3BB9D45B-3B65-8DCA-CDC5-D0CD741646CE|5|1
01/27/20|D9CF735B-427C-455C-B628-1EF28DE9386E|1667|0653C650-C6A2-8A04-D0D1-3894AFDC4352|3|8
01/09/20|B2F6BA63-485E-3CF5-F227-ECBB49B7F491|1320|D1518F57-82CC-E3CD-D14C-C10CB9092989|2|3
01/17/20|48EB81E7-1CA9-D7BC-375A-662F2153BF29|2388|5E2C59C1-833F-18BC-5432-B8FD4970144E|2|6
01/02/20|E6BCC685-82C1-6E55-5D20-D1A9F23B5368|1385|A42C2B18-FA37-0750-878F-B9F84EEDCAD0|1|2
01/25/20|115B8A09-B149-8212-00BF-EA9E35B363BC|2515|FBDCB57A-0EA3-7853-C41C-E3DD772E5A4E|6|10
01/11/20|6E215A2D-7CB4-4B17-F0D3-30111CD394E5|1949|56AD736B-FEF1-9A3C-7CBB-7648CA40656E|3|10
01/30/20|0F504862-EF69-D2E3-6DFF-688FFFF94987|3516|78ECC560-33B0-1DC6-0FAD-C1B88A4C8CF0|6|3
01/06/20|3D7C6BE2-FF68-485B-A4AF-D759A53A98F3|3455|EC248668-9FBB-E255-C5F5-CD2E5F7FA0ED|3|10
01/15/20|CAF60ECD-F1A9-29F9-FDB9-4FA5D20E876C|1342|1547E21B-D70C-8AA8-1ACA-3F16D10D8205|5|1
01/03/20|D7E47A32-BF3D-7065-FD6E-6549A6174116|2258|A29E7AE7-F517-AEC3-B0C6-432E60E3128C|4|4
01/23/20|6BECDE2A-987B-9971-9758-E7ACD59D4538|1957|BE864640-DDC2-0E9B-778C-F47155822770|1|6
01/31/20|74E0951A-AB30-1A12-D7EF-397CD55BB2BA|3937|D857EAB4-DF37-EC70-B544-95DCB068205E|4|6
01/10/20|F2317665-91C9-25C0-5CB5-7CDE68ED6FE8|3416|D86D3756-CA0B-C238-8B42-21C3F199592D|1|6
01/13/20|449063E0-454A-49CE-0340-6576F09C2FBF|3460|19CE201E-0323-EEA2-6F27-8488F872DFC1|2|1
01/15/20|37ABCE8F-7AC7-2EF2-F3B5-7F0FCC0AC8FE|1421|D960690D-5738-8C65-EC51-380AE562AF4A|1|9
01/09/20|9E934F34-9355-7649-7100-E27D3B99B389|1150|D8C8A76B-6B77-2908-93AA-CC8C3454A516|6|9
01/09/20|787EF6E3-CD5D-3121-176F-083FCDDBF336|2492|035033B3-D44D-FE50-AD09-3DCE891C07B8|3|5
01/28/20|4B084A70-1E01-3DA7-2941-F5D0282D0EDE|1468|6A375E74-7CD6-A48C-F1DB-4AE76797202F|2|5
01/28/20|61D7EC9E-BFC0-0C0A-DD3D-66ED1302DD88|1401|C77C211F-55FB-25EE-2196-0359778581B4|6|3
01/30/20|E39788C5-FE82-5EC5-4320-F2CE8EB82DF0|3528|CDD73605-6ED9-B631-CBB1-E4F618573D3D|1|3
01/26/20|8D6DE886-EC1C-8083-9F4F-1A8714FD178B|2480|AFB9EAFE-96EF-17C7-F463-7797CD643E16|1|10
01/31/20|DB8DB031-FFC8-41DF-F1BE-D1BB5741ADFF|3824|310481A7-54D8-95F1-316F-732AEA0C86B7|5|9
01/15/20|9233831F-2242-CA59-67EF-79FC4D0B3569|1140|381B4978-BB2D-D759-C908-FEBA663B2656|1|2
01/30/20|C6C4910E-4037-1A43-BF1B-F3541E5AB6DB|3895|81EB183C-E0C5-993F-C9D7-712098F04841|1|2
01/04/20|E2441737-C122-F885-1A18-98C0A6EF7371|1172|B85B8EDB-3808-C305-5E07-C53DF4236306|5|6
01/30/20|3288AA63-1B36-B8E2-CA61-27C2DE2977BB|2722|8A4122B6-C6EF-4820-397C-541CE1E3D502|1|6
01/28/20|9EFE94E8-A032-43E9-233A-941EB815645F|1815|5F5F9118-5647-F723-D151-218E525B81C5|5|5
01/29/20|3A8F4536-EF85-9514-FC79-FC0785D73006|2584|BE864640-DDC2-0E9B-778C-F47155822770|3|1
01/02/20|BB6E0A87-BFB6-AC79-A5F0-082BC344FEAA|1277|CA9B48FF-F8FA-8480-08F1-73CE7B815B09|1|7
01/09/20|7E82A40C-7796-DFC0-ABE9-E94C860381C5|2617|443CAF39-9CAC-D1A6-9422-C48C25F4DECF|1|8
01/16/20|D2B22A01-5796-1208-D3F3-575AC6B02BE0|3920|6DFC1C8B-E2DD-8CDD-C66E-FA5671BF206A|2|2
01/10/20|4D95830C-AAE1-3407-C27B-C3DDDE5D8771|3053|443CAF39-9CAC-D1A6-9422-C48C25F4DECF|3|4
01/08/20|ED04C665-59E6-0CD0-F9D7-F066D3648D2B|1131|BE864640-DDC2-0E9B-778C-F47155822770|4|5
01/28/20|F4647867-4A5B-8FC7-3A79-11F73F83EE1E|2605|F11988F0-5AC2-981E-65C9-DC35A9A7C36F|4|5
01/24/20|429E1AE6-DA9F-74A1-13F8-5B3279A4AA63|2788|27FFD30F-2034-8610-0956-3D71F95E12B5|6|7
01/24/20|C938ED95-1EBD-19E3-7EA4-CF0A32AC6E5B|2911|2F88A9DE-ACBB-6469-0ADF-7362D55C0278|5|9
01/10/20|FDCFB78E-5B3F-1579-5AD0-D8EC321EBC89|2373|1D15B321-C5C7-C8EE-2A6F-DC264233221B|2|7
01/19/20|FA9E93B7-D0AF-4B29-7C80-813019C2990A|1593|41D19D9A-101E-D839-7AA7-EC5056332A54|5|5
01/28/20|CD899815-73FA-1AC8-0819-F2CBEE1D202E|2670|BA6A1AF2-AB79-FC88-AE90-742DD7AD44C4|5|8
01/23/20|D7349888-EED1-7EED-4F93-237710C8E323|1908|CF3499ED-FE5B-9813-532D-4BD9FD336BB9|1|3
01/18/20|5A099A3C-57FD-C53B-F9EE-EE0323D90A49|3518|FBEA67D2-8D47-84CD-4F84-5B3724EB19BD|1|3
01/12/20|ECB2AF61-15DE-D10B-015A-396B11EF060D|2761|8298DD3A-FC12-8B15-BEDF-F1F5929EBC81|6|9
01/26/20|03DAA912-B85B-D074-89A0-40ABAB22AC58|3826|882F8A05-4B43-8602-E5E6-526E36A8D77E|5|10
01/25/20|6DBDE5F5-A869-406F-5698-AE04B52F47B4|3702|6A5A585A-7A03-67A5-F579-71155ECC79E2|6|7
01/25/20|AE5BFD13-2EA4-C65B-1DA4-10EE2BFBFA78|1970|5AF8C15A-74C2-ADE2-FFCC-691264CAC6A7|3|1
01/26/20|F6BEA9BD-21EC-78CB-CF71-1C6CCBCD0296|1057|941641FB-9124-192A-B4A9-1C16C0BAEAB5|5|2
01/15/20|0741C37A-61CD-7625-5926-753F5F7EB1E7|3952|B73759C2-90CD-62F3-B45A-6784B9DE977A|3|6
01/19/20|2CC6C6C3-D9CE-8F1B-FB99-FE34F1CA453E|2002|1E749FCF-6B21-5EC9-04FD-BA8ABC4DA0C2|1|6
01/19/20|38E3DD68-D328-8562-B492-194D669BB84A|2461|7A3559D7-92DE-CC0A-CA4B-ADB166DBCAD0|6|1
01/01/20|319D7E02-9B9F-1F55-6DBE-14B04CE1E026|1098|CBCFD204-B92C-E3C1-92E2-0FC1B9F10762|3|8
01/10/20|9E708BB3-BC0B-289B-8870-E96E474C776D|3152|A696273D-CE8F-33B5-D6EF-B5E44085E673|5|6
01/09/20|43C30E20-4806-E64E-0562-38DBD5520DEA|2062|CF1576A9-827C-5063-C5AC-566EEFD93A7C|4|6
01/15/20|4C3D27CE-2D7D-AFE6-A1BB-35BA7D8B8DE9|1308|916CA07C-7273-0CAC-C80F-B3FAB21B238B|4|7
01/30/20|55F5A59E-F742-6C54-52EA-46FBA464B630|1773|BE5647A3-129A-2EFF-636E-B72782603EC6|5|6
01/03/20|BCF6F483-92C0-7F59-B5B4-FB2164D6C8F1|1886|2E94171E-8783-3A1C-6742-9E7D7315AD9C|4|5
01/03/20|9791EC79-1892-E7C4-5246-A15111E458CC|1943|6A375E74-7CD6-A48C-F1DB-4AE76797202F|5|9
01/26/20|5271D9DA-24CA-9FA4-2CAD-2C87EA1E6E25|3917|1A7442A8-8877-D82D-EA19-BEFEF29BB522|1|9
01/24/20|467031F1-533E-3FDF-01B3-E48F680BCF54|3288|2E94171E-8783-3A1C-6742-9E7D7315AD9C|6|1
01/15/20|7C96D135-4221-B0E4-2CF3-B35A76C92EC4|2135|3DB44A33-4E39-FAB4-9E3D-AD665BF1BC91|1|8
01/06/20|6646C0B5-95AD-18EA-C45B-AB2BDA59A664|1126|310481A7-54D8-95F1-316F-732AEA0C86B7|2|9
01/24/20|1E32F6C3-683C-5DCC-2283-6E4643F60795|3136|96ACBD39-06CF-426B-B27C-93B5A7383073|3|6
01/29/20|FB5F5323-0CD9-3B68-05F6-8045F6C071A6|1258|A29E7AE7-F517-AEC3-B0C6-432E60E3128C|2|3
01/19/20|A638C881-F910-8839-8471-B0259E7873AE|2096|60629788-068F-B7B4-C49C-6C0DFB693A43|6|1
01/14/20|BAD469BB-D201-8828-CD92-350BE1106CA9|2840|A53E239E-2272-8991-7841-70F37E92041A|3|8
01/21/20|1F534824-F6D6-4C2B-B944-7A884286B3B2|3586|370EDA09-245D-2259-19CD-4564E06568AC|1|9
01/28/20|78FF8595-1B5D-4FF2-DA3C-CA7CF9E3FE96|3866|7628CF79-77DB-A6EE-DC54-E52939D166DB|2|5
01/06/20|7167DE79-2D07-A21C-4101-A0ACD85B57AA|1352|BB7813E4-FB38-4BE6-F6AC-8985B707C73F|6|7
01/18/20|79EE2E48-3421-2550-E291-1F67D4787D9C|2969|0714B525-5B92-323B-4229-200969999C6A|1|3
01/29/20|72F1B3BD-08B0-C94E-4C2E-88D956F80D34|3470|73B9EA0E-132F-1820-903C-A71B5C6FDD57|2|4
01/06/20|CC88B422-944E-14E5-7AEA-0FC374E4B448|1433|63D9D334-1228-1924-DA71-87496B283A25|5|6
01/04/20|14187F66-AE1C-5289-4C43-6E01F1036F58|3498|552F32EA-4AA9-4FC5-06A1-5227A75FC33D|1|9
01/11/20|D2772AE5-AEE2-AB32-2E18-C946921C6676|2337|5BA5E936-A53D-99D5-D43F-E740FC21A7FB|2|4
01/24/20|EFC5A0D3-95B8-1890-77A4-99DDF81CA30F|3585|9E0F11F6-6418-AAA2-09D3-86EE80FF34D6|5|10
01/16/20|8F66930C-371F-2625-83F9-AC22FBE01A14|2083|98CF6ACA-B366-21DD-8603-A066F063C3F5|1|1
01/18/20|885A2DE6-675C-CB44-6A6F-2DC7D752D12E|2229|035033B3-D44D-FE50-AD09-3DCE891C07B8|2|4
01/02/20|363F1F39-8DCE-A28D-DA5D-84C551EF398C|1268|4B09E0A9-9453-5101-EC03-92471F7AECC7|4|5
01/04/20|7F915D05-3DC8-12FE-0E29-437F0A710313|3232|D283F7DA-FD14-1EBD-15E2-47C8B97708EA|5|9
01/14/20|AA3034AD-36B3-8184-3822-7A83C6314700|1087|4D9D9945-92F3-8A63-3797-5E5B82973C68|2|5
01/15/20|B7951D0A-5CBE-728A-42D7-D9C2DA0ABB92|2828|3B95C611-041A-D5CE-1813-7AEEA9576FDF|1|10
01/25/20|3DF238C3-0B9D-410F-077D-D7E0181105D3|3726|31F6DE52-E3D0-D60F-CFB0-D424AE6F5835|3|8
01/15/20|E869BDC6-E814-B489-E12F-25CD0FDFC7AB|3879|2E342FB7-1CFE-0427-AAD1-8E816D0D92BC|5|10
01/31/20|6E0F07F1-1595-E323-09AD-CFD92032F24D|1090|4B3D3CF1-A30C-CC54-0449-0901AA0F322C|3|1
01/28/20|6FC9D7E3-9DC3-BB08-A3B5-5FB4BE6344DE|3573|36AEA51F-C348-4526-8EE3-3A619A8C095B|2|7
01/02/20|D6E38F15-539A-EF18-30EB-C6913506D8B3|2488|402F972B-D635-F48E-7376-A89961863EB1|4|9
01/31/20|540BBEB4-F922-3830-2B24-3A1C3886E932|1806|AAC0D409-3088-3D86-8D0E-5BFDDDBA8CE4|6|3
01/17/20|9E9D1DD4-1AA6-2713-735D-AC3A35B3DFAB|2257|DBFC696D-9551-E6A9-C258-A5E8ACF8E301|2|10
01/11/20|FB7FC2FA-F7F2-7927-1B4C-49128A63F0F5|3376|43CD8B4C-36FB-4E2A-F7F6-B2C29D5426E8|4|6
01/25/20|159FEEAF-3E62-C9E8-2B8B-CAE2C6FC5915|2705|1AD4F57B-ED34-9D53-0D2B-4CDB7A83521A|5|10
01/21/20|A9BA6548-259A-53C7-26E3-93DF6003A859|3058|81926CF5-CE31-87E8-71F3-3307CC3870D6|5|1
01/12/20|7B8225AA-EB1F-938F-95C2-B4FCEEAB2D3D|3667|E50A33EF-6E79-6477-0A45-49EDEE7B9716|1|6
01/04/20|790BED44-47CD-5128-E5A3-1F7E600143A9|3184|F11988F0-5AC2-981E-65C9-DC35A9A7C36F|4|5
01/08/20|FE491DE7-3D9E-F96B-E7BC-06FDF7829788|3410|AB6A3460-F82B-154D-4EDE-EB7BEB2EAA83|4|8
01/29/20|ED34386E-592A-532C-8FDF-EB77AD953166|2933|4670C740-C173-9C3F-0510-07F62C54EF0C|1|4
01/05/20|947FBA98-34E8-55D4-BF63-551DC478CC03|1383|C8C0569B-0E43-9866-432D-9EADF2228EAA|2|3
01/14/20|53A9C01D-5858-62BA-26B2-8859731D152C|2097|34C43CC3-F2B1-1579-1AF0-1B6DE48B6277|4|6
01/18/20|44489CDA-7A16-CAA1-D1B8-2B3A16BCDE41|2028|DEACFB6F-5562-EC58-0E5A-4D19DE7DF4B1|2|6
01/21/20|112B0DEC-1843-2827-2481-6D34D80BDB59|1460|F40E33C5-AAB1-69E7-F5F1-85B907A2FA9F|5|5
01/19/20|17F85BD3-085C-DFB6-53ED-C5795E95680C|3617|673FE64F-2665-0C5E-0DFD-2ADAB313DECF|5|10
01/24/20|23C9FDAD-7A84-840C-4B13-F4ED86B708C4|2418|913C95C3-996F-B5AB-77F4-9B6353FF7467|5|5
01/16/20|785533CC-5E70-99C0-658F-E317975B4ACB|1788|E9C77E1D-C2F7-50C8-9E33-A67754991C0C|6|1
01/10/20|423AF749-5574-2695-06CB-EB97E675D8F2|1637|EAE60B1D-7281-91C9-8FCD-D8AAD9C26579|6|3
01/03/20|0C965C6A-C0E3-4D12-EF23-28D681DFDA7A|2112|A70029DF-0A6C-16BD-E96E-503291FFF066|3|5
01/29/20|C2CAA2F5-72C5-79A9-93EB-47DEA03F3FC2|1735|7C76CF10-7AA5-B90D-DD91-BE7731BF867A|2|10
01/04/20|5CE577A5-D199-F1F0-C530-368F763445E2|2060|921983CF-9541-93CC-0BB3-A1156F817575|1|9
01/20/20|7B26E3FC-B3F3-F8B4-0183-E8829EC25644|3033|FD17E768-66C8-54C2-4EBE-7927563CF656|6|4
01/14/20|FB9DBCA4-5545-E8F6-9FA3-3B5C240F5E1E|1244|98DC8280-4184-A8BF-5D49-C6F03450F782|6|4
01/13/20|621505A3-BA15-0030-A011-FAEE03B41152|3689|0ED07402-3ABD-A5E9-2486-9C2B52836A46|1|9
01/15/20|1CB7D923-54FF-01FA-B508-7FC2356DE06F|2656|E6E6EA47-1D2F-4E83-9DB1-822DE4C6A133|2|10
01/31/20|442CBC91-3406-3253-20B6-A2F39DE0D126|3862|175825ED-D324-91AC-E815-8D49D3AF8DA9|6|4
01/17/20|09D99182-CAC0-179E-C278-76A23F10E453|2504|BA0E1540-5C31-67F2-557D-57C8B62BB5DA|4|8
01/01/20|94760C05-E6B1-D2A7-E921-47624585ECC1|2745|0E2D7CCA-51AE-FF39-08C0-F2C85DC62879|2|6
01/26/20|449957AD-1067-8FCE-68FC-6C72C4F15A93|1182|5CF26119-186A-2FAD-DBB5-F356B133A274|4|6
01/02/20|4128AE62-DD69-9C68-28FF-8A0F6B707FB2|1312|7BA27531-9599-9D6A-91BE-88F042EAE84C|5|3
01/10/20|80CC78D4-8003-4D42-140E-7B3966BCC735|2621|9ED021F1-2AE5-FA9F-AFAC-447459519DFD|5|1
01/10/20|F81D55C6-03FF-937A-FD3A-9DC659614F3C|2378|E145468A-8774-2655-5EE3-0B7DD1E613C6|3|8
01/17/20|CC9058D4-91C9-538A-10BB-1A185FD3A83A|3249|3DB44A33-4E39-FAB4-9E3D-AD665BF1BC91|3|3
01/04/20|8458F2F1-EB79-027B-71D8-F8076830FEC6|3621|AEBFDF6D-2C1B-6DB6-7CFB-9C25C5427719|6|3
01/06/20|B08CEC56-7292-B6B6-6E03-DEC6810CD4B1|2943|5E0AE15D-1485-7CD8-B444-0144A5F1F31E|6|6
01/10/20|5E7767DA-5E34-1A80-9551-C0013828A453|1724|AEBFDF6D-2C1B-6DB6-7CFB-9C25C5427719|4|8
01/13/20|3E353350-0C2B-4CFF-C547-818257BCDC66|2330|4D895427-0B63-319F-DD6E-DF17D5817D95|3|7
01/31/20|86C5A574-2368-8454-B7D9-DE3259E0A425|2521|CA607DDD-A4E5-F28F-37F8-BAA85DB1C16A|2|3
01/01/20|751E735E-8B40-1C6F-3393-F9762337EB24|2276|9F1692EE-9A61-FC8F-58DF-2AE060A64402|3|1
01/24/20|AFA0330E-D610-B65D-03D4-74B247A7A984|2823|BE17B6A3-46A8-9A48-1D93-471E9DCD7C76|3|4
01/02/20|8371EE17-5451-A977-3551-F348CE9C1241|3576|6A5A585A-7A03-67A5-F579-71155ECC79E2|4|5
01/26/20|671CFA79-CB4A-3508-E129-CC770A506A36|3330|B71B07AF-1A8C-7F39-9886-2F5D32EF0DF5|4|5
01/13/20|CE187E0F-689B-5675-CEE1-4FA062B472B3|3164|5523DF0F-C882-B0B4-DD5F-4DDF14BABA5C|5|3
01/23/20|6870C2BF-4A00-7E3F-AA25-E43E2BE8EA12|1282|EA4C10D0-34A2-E329-24C8-85D3D97A5906|1|1
01/12/20|39AD17BA-A418-D8F7-8109-EA5081AFC0D9|2075|C8D8D7FF-6574-A28D-7676-B353DD9A90B6|2|5
01/11/20|C94CC582-5FE7-949B-943F-C9DD889C6BA8|1162|3039C129-2181-A0C8-7C5A-1BBDBF2EC92D|6|7
01/28/20|6602F67D-B3DA-F07E-D630-E81F7CB529AA|2327|816A7FA7-7EEF-352D-6054-514447B181F8|1|4
01/04/20|C8BBF5F3-15C7-893F-80E6-AEE691B9AE90|3041|A70029DF-0A6C-16BD-E96E-503291FFF066|6|5
01/08/20|8A24F76A-419F-79EB-2E7B-92AC0687CB35|1694|33819010-234D-48FC-2611-FF805F216131|4|2
01/13/20|762E0D64-5572-DFCA-AADE-0A89C8987A47|2633|9BF7D095-3999-D64C-D40F-612CB0ABE1B7|5|10
01/28/20|F8773270-6BE7-AF44-0A15-6B8C3AD41CF5|1118|6F714E33-8FF1-9EF9-C895-B36851B1BD22|2|5
01/09/20|2BDF9E8B-6CA0-C5A7-A90C-7D8A94700DE1|2478|EFC67233-B160-6F39-67A0-1117EDF13B6D|3|9
01/02/20|162F7834-36CE-7EB1-8041-A7319EE1602A|2913|15ACB3E2-2121-F758-38A1-38F822A5BD8E|4|9
01/28/20|9FE8F253-8388-1CF7-A4A9-D343044FE83E|3995|CC227A37-8AF0-F41E-3F6F-80D095239BCE|2|5
01/15/20|D1C74012-04BE-776E-6128-C91AA757BFAF|3809|82DEFCDC-E832-7962-32A9-9A92D0DDE78C|5|7
01/10/20|BC9EFC5C-82D4-1564-A192-D644C2CA6476|3192|503D6C6E-252D-B426-BC48-1D87E0C518C0|1|1
01/30/20|08AA3F0C-EE66-734A-BEC6-A252EC9C759B|3499|B820B3D1-0F2A-A085-5791-11978DC2105D|5|2
01/30/20|2E6AE10A-3A8A-4259-E917-8E667F2D4B22|3668|95FA3E56-0467-9C98-BB8D-04C9E3F41291|3|9
01/07/20|9440D9C7-68B9-892F-EBF6-45C47C6E179F|1400|921983CF-9541-93CC-0BB3-A1156F817575|4|8
01/27/20|8C202B11-807B-41D9-1F12-FE076986B971|3663|45FE57F9-6288-6213-4BB9-581F0EC658BF|2|2
01/03/20|55CFF395-24B1-DD1A-C614-DFB38E28A5F6|3051|953E0172-CEDB-8493-4F0E-BA54E4C75DF6|1|4
01/24/20|CA1BFB58-7F9E-2A12-11A3-5B517B6E04CF|2855|E0F94A64-45A9-A473-68C7-FA67F1E5E789|2|4
01/01/20|A99C4F82-0B02-2E6A-9115-5E36657C589A|2075|250F6235-1056-C428-4906-076D90F73E5E|6|5
01/16/20|88E0967F-403F-4251-7456-6DAA7DEEF188|2445|24BAB7E9-9A45-C6D7-69B0-6FCA33430928|5|9
01/20/20|37F1B6FC-1EAD-2867-7EFF-010A2C521331|3888|882F8A05-4B43-8602-E5E6-526E36A8D77E|5|8
01/31/20|07F29797-65C2-7CA6-22CA-AFC835B51C78|3956|3FE7CBA3-A714-02A2-2B6B-8512FF5B838F|1|10
01/13/20|1CD537F2-CD35-B5C6-19EF-8DC26080CD62|1900|A3F0F21F-F681-911A-61E2-AD549A6C9661|1|6
01/05/20|8B615A41-40A5-1EC1-86EB-D7AEC57FB85B|3810|B50AB9C3-A6C3-CC6F-B36F-B6871FDA9FD8|5|8
01/04/20|3EF7401A-C3C7-C9B4-0E93-F0D4EC8DFAA7|2914|7FC8E57E-C53A-0932-40F5-16AEA33014AA|1|6
01/08/20|702F76F9-6971-21AF-BE26-7A67BAE5B0FB|2784|CBCFD204-B92C-E3C1-92E2-0FC1B9F10762|2|8
01/24/20|37047208-D03E-E853-F04C-A3C71357AEE9|3396|0EE83810-32DF-1FAA-B123-0CF887A76E38|5|1
01/08/20|FF06217A-44DE-EB7B-BB04-01B4C67B4319|1742|11F32A3D-B6C5-6D3B-5BAE-A8BAEDC8D42F|4|7
01/04/20|FA674DC9-964B-4F35-27E5-F86907816BC9|3666|1140270A-3BD2-C62E-430B-031369BC608B|6|2
01/03/20|63610C9E-235F-5890-6BDF-CE7E19D3A9B3|2219|3039C129-2181-A0C8-7C5A-1BBDBF2EC92D|4|2
01/14/20|AE838373-73C0-A58B-FBFE-E0C7ABE23444|1096|CA9B48FF-F8FA-8480-08F1-73CE7B815B09|1|4
01/16/20|34D37B01-1231-97AD-ED49-C8BC285752EB|1763|4670C740-C173-9C3F-0510-07F62C54EF0C|6|9
01/08/20|084F915A-1CC9-FCC6-0F2D-B009E366C27C|2836|BC24937E-B657-7BDF-50CC-4FC88D3CAD8E|4|4
01/09/20|3BF21E54-8F99-3297-C47B-291224B61F0A|2702|31F6DE52-E3D0-D60F-CFB0-D424AE6F5835|3|1
01/16/20|6A392E49-A418-1415-A9DF-588B346C9FEC|3680|8C26BFDA-D3BD-D180-CCF4-4DA33EC87533|5|5
01/23/20|D625E3E6-E394-47A1-D8F4-7E25E0F9601A|2540|8B7E7492-7DE8-747E-C182-57FD5C49D8C5|4|5
01/10/20|8A2FF091-35D2-892C-7700-CC6769F1B1CF|2175|D86D3756-CA0B-C238-8B42-21C3F199592D|2|6
01/08/20|27779205-E64D-F2C3-CECD-6C64D08F21A2|1415|8D8D3D8E-776E-C677-D6C5-C592D38518D1|4|10
01/19/20|63D5C973-A1F6-E035-5136-127BF42B9874|1524|03BBABEB-3FD7-7BB6-C8CE-CF5B9C864A11|6|3
01/11/20|4C4DC304-2635-3765-4EBC-DC0EED6AC56D|3599|8C26BFDA-D3BD-D180-CCF4-4DA33EC87533|4|8
01/09/20|1DF46FC2-2E81-316D-035D-67F8F276ED7B|2518|0A667CB5-CF29-A6CD-DE87-00C848F44A25|3|2
01/18/20|EABD5172-D3B4-8A32-342B-AFC710A43D7E|2694|506D3784-B649-FD17-5486-3992549017DA|3|1
01/17/20|043B853C-C0E1-A1A6-CF62-3798F2A484A2|1724|858BCCAC-BB39-5D41-3367-E30673995115|5|6
01/26/20|358AFC5E-FCE2-E6AB-241B-C1242873B3CD|1801|1595F8D6-08B1-A823-F8A7-0F7B051ABB23|5|2
01/11/20|9A278BFC-5197-054A-D25E-622FF6CCDAFC|3521|AEBFDF6D-2C1B-6DB6-7CFB-9C25C5427719|5|10
01/25/20|961509AA-3B9E-5D14-1ADD-FE4A36871C6F|2188|33819010-234D-48FC-2611-FF805F216131|4|1
01/30/20|95D32125-2A97-9129-2C44-AC188ED6DD31|1202|AD4CF58A-FA71-2944-43B2-44F8D79C5240|4|6
01/04/20|0E61169E-1E28-F394-2929-E84CCFCC6B26|3996|307287E8-FF39-B78B-1163-B388ED159694|1|1
01/08/20|4E42654C-15FD-C05F-585E-0DBE0516CD09|2973|E50A33EF-6E79-6477-0A45-49EDEE7B9716|4|5
01/11/20|7D23CDAD-FF90-48A1-1AC3-E189DDCA6B41|2001|C8CAFD53-E09E-4882-C898-9D87B6FDD092|5|2
01/03/20|3C5B6A50-7420-2A79-6042-40D17EEF9CCF|2220|4045542E-6DE6-D1AA-03D5-0569821CAECF|4|3
01/28/20|5D13681C-8F01-C79C-1B45-0691C6D910C8|3654|9F1692EE-9A61-FC8F-58DF-2AE060A64402|5|8
01/01/20|E23FB9BF-DB03-83B7-A73A-4015994B0651|4000|F0073DC6-B255-F3CA-551C-6A0AB0D89F9F|4|5
01/14/20|8D09B706-13FF-D795-B42E-C4459D355325|1520|33819010-234D-48FC-2611-FF805F216131|3|1
01/11/20|A3519CB8-4571-D7FE-DCC3-36B1706B6A6D|2127|E0B6243C-E0DF-30AB-95BE-E47D9A3363CA|4|2
01/02/20|74D8B84F-20A9-0E6E-A00A-580EE69CA94F|1520|F098945C-7707-969B-D4D2-14BAF3E2112E|5|7
01/04/20|727F1256-B9C7-906F-89C0-91760D29FC24|1269|A3F0F21F-F681-911A-61E2-AD549A6C9661|4|10
01/02/20|BF9CEA79-894A-99D2-A4EA-F92C1B7A9F51|1914|D89640B5-453B-D173-5B27-6E21B3E3C048|4|6
01/13/20|B423A42A-D199-A659-C7CB-E789513BE4E3|3215|98DC8280-4184-A8BF-5D49-C6F03450F782|1|6
01/30/20|F07FE76D-CCCD-B908-428F-65B42CB4621E|3900|2E7D6438-2065-F876-2BE8-05CC6B0F85BD|1|8
01/21/20|B0E4A79C-06E0-C943-ED76-3E86C3BC172B|1391|4258663F-72B2-D130-C6C6-BB21F40C08D3|1|6
01/01/20|67D581E3-1D55-7781-4CE2-566D1528774A|2673|81EB183C-E0C5-993F-C9D7-712098F04841|2|8
01/08/20|836F2C90-017D-24A8-0946-E56E24E9C613|2211|31ABBECB-914C-24BC-CD83-5F4CC268276C|2|10
01/03/20|FC79B455-A446-3B08-2E9F-C78039D048E0|3919|3E80F394-12C8-7981-0B18-CEEFC358D9E1|3|3
01/06/20|783F73D1-83CB-BB27-ABF0-7C2842C7103B|2524|BE967873-292F-947A-CA01-9F020F804CB6|3|3
01/10/20|3CBAEBF2-47A9-88B3-3F94-44C6E24433EF|1492|5D30B413-C93E-7CF0-42AE-11CF2DD44C97|3|10
01/21/20|086B411D-909F-C1FD-7A76-7E29A3953129|3384|75B55F51-5690-4FD5-4C34-0B6405F0F1AA|6|5
01/05/20|D7470312-A0AF-6FBF-ECA0-6A7AE00EC0EC|3348|4B3D3CF1-A30C-CC54-0449-0901AA0F322C|5|6
01/08/20|8E39F314-1716-F807-1D7F-5209585AEE48|1652|CA9B48FF-F8FA-8480-08F1-73CE7B815B09|2|6
01/04/20|1E9CFF5D-582D-8C7D-554D-395B9F8E7322|2100|9C10D542-871D-D1BD-2F9A-99DDD0E148A2|6|9
01/09/20|6DC90A7C-9133-717A-1D10-2FFC4D99E132|3992|CF749D53-FF02-5B68-38B1-900246A6864E|2|1
01/25/20|39F39F55-0B71-DA58-A56F-92166D32C52E|2583|8582929E-967D-3195-3E80-EA91C2D566C3|1|1
01/17/20|F566F675-2C82-034F-9DF8-66EAD9EFD52B|2448|2FED9C74-F2EE-A69B-2271-AC909F10B040|5|5
01/26/20|AC002282-4652-D686-7AE6-D86FC0E9328C|1265|AC3A819B-D104-DD3B-6551-CD040C0F8119|1|8
01/23/20|8C74F0C1-0610-0533-A8C7-942C679C0497|3272|F19239AB-8B29-D706-81AE-79485FEDC318|5|7
01/14/20|D93DF766-7649-0E71-F250-CA99225EFB6F|1409|E9BBFBD7-B29A-69C1-2B75-243CF704829E|2|1
01/04/20|316E262C-4742-8116-8ED8-1506F8B7BCF5|1260|514874A2-9AF8-94C6-4F53-58A4B3D88107|4|6
01/21/20|18D5F4A2-6C8C-9D5D-6558-F80B55A0849A|1928|D857EAB4-DF37-EC70-B544-95DCB068205E|5|1
01/07/20|3D37DAF1-F4CF-5415-7455-0E3097133269|1494|45FE57F9-6288-6213-4BB9-581F0EC658BF|1|4
01/13/20|66B706AC-7C89-09E1-52A3-186335385FC3|2067|035033B3-D44D-FE50-AD09-3DCE891C07B8|1|10
01/19/20|D27BF759-B252-D106-95E4-9B13AA2E446A|3359|D89640B5-453B-D173-5B27-6E21B3E3C048|1|5
01/22/20|40EDE792-091B-781F-EF36-C3A7B0C41E1E|1308|8E62DB77-8011-10E5-B0B0-D859D316644A|4|5
01/20/20|4748BCF4-1F03-9AF2-A95A-94720E32CBF4|1711|F0073DC6-B255-F3CA-551C-6A0AB0D89F9F|3|8
01/24/20|5B80774C-5F8D-8548-9F70-847DAB63D072|1727|33819010-234D-48FC-2611-FF805F216131|4|1
01/21/20|9B64C2CD-25CD-231F-B025-90F8F4555BDE|2305|0E52217C-EAD8-6204-5652-E30034AB13A5|6|2
01/05/20|04E6C8BC-F5D7-3F31-2C1D-560B54F615A9|2774|2C4B1C98-B02A-C918-2F94-2F1397369377|6|6
01/19/20|86046A1D-49D8-5F04-FB3E-476EC1FF901D|3325|8E62DB77-8011-10E5-B0B0-D859D316644A|5|8
01/03/20|449003BF-1EAD-D002-C883-DD41C77B6075|3108|AEBFDF6D-2C1B-6DB6-7CFB-9C25C5427719|4|10
01/05/20|32BEE68C-555E-57F3-1523-933FD8EEBBB5|1642|4A86708B-A323-53B8-D855-F8ADDAD4A97D|5|8
01/01/20|9A5C96A6-C4E7-974E-67D1-6DFCB59FA13E|2680|CC9AB5A4-AD5D-18CB-5642-AD651CF2C51B|4|6
01/14/20|A5910F71-AB27-3BCF-6BA0-5A5935AB0BB4|3131|DAA47309-CBD0-217D-EA81-BBA01DE6B384|3|4
01/25/20|7C2B51AF-0177-DA31-D1C5-B5C05B3ACC5D|1753|36AEA51F-C348-4526-8EE3-3A619A8C095B|5|8
01/15/20|6547DC2C-771D-A31F-7AA8-5251E3F3C114|3360|06F9E435-AF90-C13A-BB95-F091823647DD|6|3
01/03/20|B9D97911-484C-9BAC-D056-628B345B5F6D|3651|922D3073-23A0-A71B-AA17-7F828FDB1659|3|7
01/21/20|81D060CC-A751-8F87-E49F-6D75FF6C3DB0|3295|16DB6FD6-9174-1033-8782-FDDE9F4CA978|2|7
01/03/20|24037D24-9FBA-3045-2BD6-C92612D2EF32|2245|411FFE40-E853-4E26-954E-233360364B1A|4|2
01/31/20|F3E35C44-BC15-66CF-EF69-C5025B1A1EA3|3962|531B7179-5260-26EA-ACC1-3DFCD4821718|4|2
01/10/20|469C9EBA-B41A-37D9-31E9-7DA53242D349|2740|503D6C6E-252D-B426-BC48-1D87E0C518C0|5|1
01/07/20|A0F9FAC0-D05C-AB70-B7B1-D477767B4DAB|2581|5FF6CB8B-3D01-09A9-DE6A-D01BF5F7A78B|2|1
01/02/20|2005B83C-3124-CC0D-4F9E-C064C1E5F352|3198|779295D0-3406-1945-1370-3EF4B2455162|4|1
01/24/20|FCA14A76-F8CA-EA4F-75D9-1A1C3A06DB39|3920|506D3784-B649-FD17-5486-3992549017DA|5|7
01/01/20|08654C4A-6927-17C0-7D49-4152E3DCE4AF|1081|514874A2-9AF8-94C6-4F53-58A4B3D88107|6|4
01/25/20|D7BC4BA3-8A36-CCAF-8C1D-8BCE7A1F3212|1220|0034244F-9038-3BB4-2EBE-83E160F01F53|3|5
01/19/20|6ABDD34D-FEB8-6689-C01C-3BE55FA616D3|1476|F8724575-4099-7952-E7A8-1C179ABD70E5|6|6
01/22/20|1F857ACB-E419-00D5-9AFA-37F5CB13B3B2|3064|41E9F6CA-C6E3-ED33-9D82-C799500C1D1A|3|7
01/04/20|F5E627BE-1A62-E407-0CF4-04E66E276B82|3664|3EE936CD-751F-4CA1-00F4-7104D80B88A9|5|9
01/28/20|4E518816-16FE-8C4E-39AB-3F8FEE02CCC5|2431|30F9E065-BC23-28A0-2B4E-2D27AAD58F93|3|4
01/30/20|C4772709-7E4E-88D7-D724-0B0FB5338314|2682|1E6A731A-3E0C-2E0C-3038-DF1AF9E71EF8|4|2
01/21/20|26D11658-0227-6AED-5727-C748FCEE1337|1901|3CE5564C-459D-9A33-1898-720DC77CD236|5|5
01/07/20|BFE80EDA-BD4B-168A-BC69-E2402FCFB21B|1226|C780CED2-A013-E1B9-B4E9-C15EA0635220|6|8
01/15/20|3EDA32AF-2549-1C74-2408-50F5AF79463F|1947|3039C129-2181-A0C8-7C5A-1BBDBF2EC92D|2|8
01/25/20|30FCBCC5-3068-75DA-00B6-E5935C64CB9D|3989|EAD67B97-390D-3D72-191A-09C494A92214|2|1
01/13/20|8DBD83F2-5468-575D-A904-71341841B9B1|3843|6CDF61BC-F90F-C191-BE92-A96FD458E951|5|3
01/21/20|150739A0-FDC1-EC4D-208E-8E276C124CB1|3674|664134AE-22FE-DA1F-2D02-4A98252A0B09|4|7
01/13/20|3BD69DB1-7233-2608-069F-383E09C620F6|1399|D17AECD9-4136-8511-395D-A780AE2EED74|1|3
01/10/20|0240DFFB-F8BA-CCAE-C53E-7DE98DE9F54B|1910|A29E7AE7-F517-AEC3-B0C6-432E60E3128C|6|3
01/13/20|6652641F-4D51-2ACC-EB3D-2F4F96DBB269|3903|9051635F-24C4-59F6-4B33-8F178B567AA2|4|4
01/20/20|E3C719B9-9E21-9BA8-37EE-777F97DD73B1|1258|7C76CF10-7AA5-B90D-DD91-BE7731BF867A|1|6
01/29/20|A0CC94C1-C498-BD9C-8D17-84FAC0609882|3913|F4F7FA33-B115-0C2E-7030-0767680F8E9A|5|6
01/24/20|93A29857-6885-BAD5-B8E0-18F2B5A4536F|2606|A53E239E-2272-8991-7841-70F37E92041A|1|7
01/07/20|394C079F-352F-8079-F952-17D6BD63F827|1029|F098945C-7707-969B-D4D2-14BAF3E2112E|3|9
01/12/20|B3BEE2B1-EFA9-1E35-52B4-F25955F257AE|1369|0FCBE424-44C9-2F50-8165-4CF61EA65D7B|6|6
01/27/20|EA5307CC-89A7-1311-C15E-3535A1FB4DAC|3949|9ED021F1-2AE5-FA9F-AFAC-447459519DFD|5|9
01/12/20|520CC45F-80E3-0630-DC71-BBB116DD56E4|3457|31ABBECB-914C-24BC-CD83-5F4CC268276C|6|1
01/05/20|E004872D-59EB-9A14-8559-4756D9C0AC29|3511|CC227A37-8AF0-F41E-3F6F-80D095239BCE|3|10
01/06/20|BAB43922-065E-0146-2114-9005AFE041C2|3605|5392BD16-B437-A976-85A4-69A0084FB106|1|4
01/06/20|525064E4-B114-DCB7-C737-E141C0901F99|3934|E59768C6-1240-51A0-E6EA-C272946B50B7|3|2
01/14/20|A3C3CD4D-0832-0703-2C29-4D74933865B8|2691|BA0E1540-5C31-67F2-557D-57C8B62BB5DA|1|6
01/12/20|337AD5A5-82BC-F810-D8BC-E125E805E7AA|3219|885FB4B5-4766-C514-E75F-117C83505B9E|6|2
01/29/20|46CD6F1F-79CA-AC4B-357E-A08259170C38|1502|8ABB4A8C-1A8E-9AD4-F8BE-2744E8DE4A20|5|4
01/30/20|4319911A-5514-E70C-D4B3-B0405B514AFC|1049|B9AD00A2-D2EF-6F2E-BDEC-943BADDC1FA1|5|8
01/29/20|9A29159B-1ED9-8557-82AF-E30399D40555|3872|D89640B5-453B-D173-5B27-6E21B3E3C048|1|5
01/19/20|82F9D808-B0DB-4C1E-7E8A-548CADAA53EB|3295|BA0E1540-5C31-67F2-557D-57C8B62BB5DA|3|5
01/30/20|FE56EB9E-8128-EDD3-8154-3E8C641F0651|3739|035033B3-D44D-FE50-AD09-3DCE891C07B8|2|10
01/07/20|9D2AAFE4-01C5-8D91-560F-5697611C969E|1683|B2D4F1F0-B6D4-7BDA-65CD-9CC8081B2BCE|3|6
01/07/20|4F7577F4-1AD9-B224-6A06-E0B759798B76|1953|A7474ED8-2209-9BC2-470D-931A9C93390E|6|6
01/05/20|8B412FB2-B3DB-7403-54C7-2DC2846698F1|2753|7628CF79-77DB-A6EE-DC54-E52939D166DB|2|7
01/23/20|056C4B40-29B0-8BF7-A5C9-84EEAD419FF2|1237|F19239AB-8B29-D706-81AE-79485FEDC318|2|6
01/16/20|E0B665CE-2F1D-994D-A25D-C7EE92A57C65|1730|2F88A9DE-ACBB-6469-0ADF-7362D55C0278|6|4
01/12/20|08C3D0C9-20F7-8971-02FC-27C96D1FACF9|3487|57B095C6-78B4-C29B-D321-91FC1E3880D7|1|7
01/01/20|66F1CF4B-F717-A7F1-20C2-054A75F14113|3668|1E2BBA25-12FD-18D4-841A-B0C07919C077|6|2
01/01/20|4E39DB66-28E6-63EF-C85E-7FE92A484717|3308|531B7179-5260-26EA-ACC1-3DFCD4821718|5|8
01/06/20|3329A619-270C-C8B8-493D-B6792970BEC9|2197|975ABF89-BE7F-E598-5A72-BAA146BD0D85|4|3
01/06/20|907AC7FE-FE7F-870B-0EDC-3CA00C2D8997|3341|41D19D9A-101E-D839-7AA7-EC5056332A54|5|5
01/19/20|BB7570E6-CC27-0E64-EBE7-73E86E50A557|1432|D89640B5-453B-D173-5B27-6E21B3E3C048|3|6
01/12/20|00CD4A0C-B3A1-E136-C015-A1EEF790ECED|3935|916CA07C-7273-0CAC-C80F-B3FAB21B238B|2|1
01/05/20|2790A45F-9565-9FB6-8C64-8882DB93D2C0|1385|6CDF61BC-F90F-C191-BE92-A96FD458E951|4|1
01/07/20|F1576B7A-5B4A-E192-0C27-03B69BED53D3|2037|F0CBDF5F-49BF-6C72-4F9F-4A4295C2BE52|2|9
01/22/20|43668EDE-F8CB-D9C6-C195-9A8F2A0AC80C|1614|C780CED2-A013-E1B9-B4E9-C15EA0635220|5|7
01/23/20|1027E4F5-79A2-4581-3BFA-7EB44C5FEBEC|2715|574234BA-602F-2671-3A5A-D63C152423D2|6|7
01/15/20|DFA4188B-A9F1-2953-0D33-826EFB29F250|3944|F22E1C77-6D16-C023-5782-BB284A8B15A8|4|8
01/16/20|B473FC9B-5496-CEA9-3510-6BEA6A927F77|3639|A9F1F74C-C72E-676E-A222-2AC3B3464891|1|1
01/22/20|92C2AB66-6F53-30CB-AEBA-EAF4EEADA397|3652|6CDF61BC-F90F-C191-BE92-A96FD458E951|1|4
01/08/20|6F5D6AC5-80C4-181E-6C1D-A9E9687338CA|1397|F31DF3A3-4222-56C4-DC5A-1B32F8CF0140|4|9
01/16/20|D2B6E78E-DEB6-2D82-B143-D1E751CD69F0|2400|3097A50C-A3EA-886E-0294-B6572FDCD6FF|6|5
01/11/20|7421D2C0-8463-D47D-7FBD-6AE2B1F5ECAE|2526|AFB9EAFE-96EF-17C7-F463-7797CD643E16|5|6
01/29/20|3B199D98-3B69-9C8D-F5A6-B101049B34F5|3043|2B64E393-B082-2351-6CB0-89279C51682F|4|5
01/06/20|C5C76178-6B60-CB99-C60C-56307F3F2F21|3987|A50963F6-DF08-7F6A-F530-6528FA5699A1|5|5
01/15/20|751CE3F0-8EF3-1FF9-E100-C48F9BF7F15D|2880|A8C65F6B-D2D8-9F96-ACF7-7DF22E5FAB82|2|10
01/29/20|69A04C9E-B06F-787A-11A9-444E74BE0747|1903|342FF005-9FDA-A4C2-7AB0-114860408FE4|6|4
01/14/20|8B1567F8-A024-37F1-A0D9-AC6624512A70|2592|885FB4B5-4766-C514-E75F-117C83505B9E|3|7
01/09/20|9C38AE63-6FC9-85C7-9614-859AC0E7F23C|3171|668DDBDE-23A9-B83C-1891-3DCEEFA1102D|2|7
01/08/20|A3426025-DC8E-B4D7-F816-79AB926B3CD2|1810|CF749D53-FF02-5B68-38B1-900246A6864E|6|2
01/30/20|70A151C6-A711-EB15-CE16-5148E264AADE|3417|0667C3F6-90CE-83F2-61A0-EEE4353058FC|4|6
01/02/20|AEDBA409-F2F7-F82D-7D31-A3A9D80F4EA7|2347|ED2A96B4-BD8D-95E0-8DBA-4BB02E89CD6C|6|1
01/24/20|35F7D2F9-C972-F1A0-AF74-3DA1F2D0C9A2|3634|FD6A5A27-C0FA-3788-83A0-90D2B7F7D267|1|4
01/12/20|1F41DA6E-C756-01C8-795F-6243DCFD1752|3341|1ACB109B-2D0E-34B8-8675-A1B9100453E0|5|4
01/03/20|8E6DBE87-9B2C-ADE3-C382-48B5B1BAD9AB|2731|7B2ABDB7-16DD-8AFD-027D-484235B5DBF0|2|9
01/12/20|EA118192-FFB9-9A20-D272-B2EC98BEB54F|1083|29E3D89E-B1E7-6042-A789-DAD5660D7FE0|3|4
01/30/20|4EE09179-4E85-DFDC-1A91-EA5F630772EC|2365|A4174F2A-A749-CE7B-1254-13BE945EBACB|6|5
01/09/20|45A701E8-0AC4-5A33-4C0E-E02341CA8B2D|1942|AD4CF58A-FA71-2944-43B2-44F8D79C5240|1|9
01/13/20|EBBDF8A1-E964-262A-822A-B7F920E76F89|1658|412CA1B8-543B-7EAB-5DE3-B6D569536476|3|1
01/02/20|8871C01B-8CF9-32D6-140D-BAD625C3510D|3989|1A7442A8-8877-D82D-EA19-BEFEF29BB522|5|7
01/07/20|2D6F86CF-5E23-61BC-9EE9-FA02F55BD5D4|3931|6A4672C6-0085-9AE1-7018-BCFABD77371E|2|4
01/02/20|B530649E-F7DE-265A-9A7B-DC9686E2267F|3777|0A026818-5351-D6A9-32BD-5B127EAC8CAB|4|10
01/04/20|150CE7EF-B19B-6E3F-A0CB-12AB38820976|1938|286392D2-F7D6-C6C3-99A6-003F1CC25D13|3|3
01/07/20|EAF1A0F7-1C1F-7BC2-222F-5A0FB44C3218|2910|7628CF79-77DB-A6EE-DC54-E52939D166DB|4|9
01/23/20|41EE2260-E621-9FA2-06B3-C970D8C6254E|3245|5D30B413-C93E-7CF0-42AE-11CF2DD44C97|5|8
01/12/20|6B847F64-5910-477D-49BE-0942B220A048|3300|8C26BFDA-D3BD-D180-CCF4-4DA33EC87533|3|6
01/06/20|7BAC1062-62C4-AA10-4143-8194E6F674AB|1226|907880B4-551E-6261-B450-DA3DAE68306B|6|3
01/03/20|75314F31-BBAD-BBB6-582A-0A129246A9CC|3895|6C69475D-16F0-48B3-0E2C-2AC76377F2D9|5|3
01/06/20|090BDFAE-FCC7-7B29-6154-9345BCFB0825|3583|CB5FB258-6FD1-5642-677F-2FFF8EFFEA1A|3|7
01/31/20|689AFC51-44A3-48EA-5E41-8C996A230A4D|2010|0EFBB98A-1BC2-11CA-0224-53A1565EA8C0|1|10
01/13/20|31871BC6-FE70-0B71-266C-D63D4BA9CB73|1234|0A026818-5351-D6A9-32BD-5B127EAC8CAB|1|1
01/27/20|AD1A5990-F403-8C71-CCDE-73EF67AD005C|2106|90C82ECC-12EF-A4CC-AD32-3AF7A90B6CF2|3|6
01/30/20|87A8B3FA-1469-77DA-19BF-C5B061990623|2143|30F9E065-BC23-28A0-2B4E-2D27AAD58F93|4|1
01/09/20|1A6EB5B6-8F57-EC92-E6F1-1BB27AD80A38|2022|6FA3DD29-79B0-B4E5-869A-62EE017301C6|1|7
01/05/20|797AC923-3573-7967-7C29-85E4D5A762A3|1812|CF1576A9-827C-5063-C5AC-566EEFD93A7C|6|2
01/08/20|7F591458-8387-1330-32E3-FF681D7DB6EE|1625|3FE7CBA3-A714-02A2-2B6B-8512FF5B838F|1|2
01/02/20|BCDA2DC3-1E9B-D335-08E2-BFF61ED48475|2486|2B64E393-B082-2351-6CB0-89279C51682F|5|5
01/24/20|6BDC33D1-A563-F76C-B5DB-D733DE4270C7|1487|A0622BF5-3972-F2CD-34BB-A66CA7152F2B|4|5
01/19/20|DA630E25-5705-07EC-7F2F-A8E69FA9250D|3722|307287E8-FF39-B78B-1163-B388ED159694|2|2
01/30/20|5F153B6C-6367-BC27-4E9B-15D760BA340E|2322|8A5633F7-876A-79E0-194D-0B290C557C7E|5|6
01/31/20|7160149C-C1A5-D32F-2F44-96E7A82661C0|2554|6A5A585A-7A03-67A5-F579-71155ECC79E2|3|7
01/01/20|0E6861EF-21EF-C51D-DD2F-76598ACEEB1C|3569|FEE467C2-C123-867C-036D-C3D6D5BC45B6|4|4
01/31/20|D794786F-F60D-ACAA-F939-EA83534C4664|1242|1A68239A-6337-758F-167C-D96B19179803|2|9
01/06/20|97B01AF7-C17B-C680-A98E-9EDF0C03EC4B|3663|38EB11C6-2D32-F876-B0EF-875A0C22A871|2|1
01/14/20|872BF1B5-4868-11CF-B554-9A829228F37D|2696|077E6F00-25CD-335A-6815-8A8B763AC2DA|5|1
01/21/20|69E064C8-00C6-3B6A-D366-9690F981AFC8|1449|8D29676E-1802-C86B-3DC9-0C280CD9A58E|2|3
01/14/20|7FDD871B-EBCC-F193-14BA-AA4468B02935|2767|0034244F-9038-3BB4-2EBE-83E160F01F53|6|10
01/18/20|843DE9A0-C25B-51B3-BA72-05F9B694983C|3367|C43464C4-B7EB-81AB-2AC7-B9C81BC3CA85|6|3
01/28/20|6287F025-62AA-4471-7059-A33FE65B0408|2336|48E1770D-132B-D616-84CB-C30C5E70CD06|2|9
01/08/20|2CE3FAF7-C691-AC39-FF0D-D7F3F25FD7E1|1047|6480B4E4-6F1A-46E0-3081-E0119A559E52|1|7
01/03/20|8718A143-5AB9-42D6-724C-E5E2DD86D90D|2684|F8F7A226-7496-BC3F-70D4-E5E2B4E96A3C|6|7
01/22/20|D22DEF12-079D-C13D-D2DF-54F7B39C7610|3997|06F9E435-AF90-C13A-BB95-F091823647DD|6|10
01/21/20|B73A8430-3C41-4948-4C39-4F5820CF7920|3677|C39D49A9-F3A1-AD75-0650-254408533BBD|6|4
01/06/20|E1E10332-E55C-1D6A-1EC7-EB66D287E0DE|1062|EAE60B1D-7281-91C9-8FCD-D8AAD9C26579|5|3
01/04/20|E8F553F1-FC77-93EA-D16B-9CDE105CC62E|1398|2CB90254-5511-C842-22D9-C7CA0235C2B0|1|7
01/17/20|B1198913-05E1-957A-17CE-3FC0CE991727|3860|62B355EA-8186-D71F-D244-2304D6CEDC95|5|4
01/06/20|56C95A62-CB55-7017-6221-10D3313664CA|3069|3FBB6BB7-8C65-B588-E89E-781E6E113A64|2|3
01/16/20|0749B35D-8BD2-C5BE-FAC5-68E674869A2B|3947|7CE435EA-EBD6-E713-6E46-D09F1C5C7895|5|10
01/24/20|047E775C-0C8B-72FC-A960-8B94F9D8690B|1911|FC8CB3E4-096D-A5CD-4B8B-CB3629DDCBDD|1|10
01/08/20|D11FBD9A-8F6D-DC8B-6098-F646F7CB7AC8|2152|57B095C6-78B4-C29B-D321-91FC1E3880D7|6|6
01/02/20|90D7ED89-16EE-62F3-2C52-448790B08E9B|3664|E882D61F-BA3F-7C85-2E66-2CBF9226CABF|6|3
01/30/20|812FD60A-9881-D378-1843-2FFAEDDC5F79|1004|1AD4F57B-ED34-9D53-0D2B-4CDB7A83521A|5|6
01/27/20|A03D79C7-06A0-36DC-94FE-804A412F5325|1960|9BF7D095-3999-D64C-D40F-612CB0ABE1B7|3|9
01/21/20|AB4D40A7-E805-55E7-FB5A-F5092FA7347A|3558|31ABBECB-914C-24BC-CD83-5F4CC268276C|2|7
01/12/20|7602D9FA-3845-BB8F-056B-3E89A460F74E|3436|A356C0D1-5432-95E4-5496-2B74D1793862|5|10
01/01/20|85AC2CA8-480A-C788-0303-227BAB4BEE6F|3616|6107BBC9-09DA-0E3D-B266-DABF566A088F|6|1
01/02/20|64C51BDE-2125-866C-C1D9-719B1847BF11|1786|2E342FB7-1CFE-0427-AAD1-8E816D0D92BC|2|10
01/28/20|9CE36938-A844-9487-024F-620AC6072421|3255|31ABBECB-914C-24BC-CD83-5F4CC268276C|4|4
01/23/20|622C4A07-B1C4-B499-4249-14DC7A217656|3548|1A7442A8-8877-D82D-EA19-BEFEF29BB522|3|7
01/28/20|5EBDB9D0-E01E-D507-5599-951AC40A9607|3372|A26B0463-F5CE-84D3-8E9C-3F409223BB2A|1|4
01/14/20|D09D2FF9-FFE6-386C-21C4-224989664CB2|1274|9F1692EE-9A61-FC8F-58DF-2AE060A64402|3|10
01/29/20|C42B9024-B0E9-252A-D5D3-2238DE78594B|2590|A45DC17F-0ECA-15FA-9DAF-B482456AC7F9|4|3
01/20/20|57CC8148-660C-2B07-3828-0D084CB40E08|1972|CCC66FC7-9133-4165-4A90-F49440B097E9|6|1
01/28/20|AE2FC53B-E843-2F0D-8717-6FB392660738|1135|0BF9DC0F-1A83-5564-B14E-C9C039A3C965|1|10
01/07/20|805E19D1-BA6B-0590-F9C3-03BB8FC1E848|2654|305C016B-2F78-F8C3-0253-FC5E83026CD9|5|1
01/26/20|DED76741-BA6E-0688-8E2D-E3C72EBE4759|1486|AD4CF58A-FA71-2944-43B2-44F8D79C5240|5|10
01/04/20|6E35490D-2918-CDD3-441C-E13C876B6AA9|1736|81EB183C-E0C5-993F-C9D7-712098F04841|6|10
01/08/20|7F132B1C-2237-C5F8-7723-5A568EA52A10|1974|62F58334-ED88-30DE-39FB-1055603719C3|6|1
01/03/20|A8A749E8-C841-1AD3-5A49-C17BD093FE15|2579|CF2930F7-F040-D417-46D3-4E18E6E01B23|1|2
01/14/20|B4877514-1CE8-75B5-3257-E43D58803F4B|2001|858BCCAC-BB39-5D41-3367-E30673995115|4|7
01/26/20|597D53C3-6EA5-E142-7705-C79B5022F000|3020|8ABB4A8C-1A8E-9AD4-F8BE-2744E8DE4A20|5|7
01/25/20|9DE1B103-715A-C4F6-3880-C5D2A0E5C919|2467|31F6DE52-E3D0-D60F-CFB0-D424AE6F5835|3|4
01/11/20|2ACF8CE7-B448-6DC5-40DA-82976E2C2BD6|3307|5EC5A1CB-01E2-1E11-FFD7-394A05EE735C|2|10
01/27/20|B9224B95-034F-275E-BAC2-0317FA1429AE|3634|75DFE5D6-1B6A-7B5F-D264-13F8ACA415FB|1|5
01/02/20|61C0C63D-C4A9-CB89-F1F7-B010B72AB627|2780|B5B9C558-E8BB-3558-B227-AEDCCB09BF76|5|8
01/27/20|A9144D35-51B9-934E-D2FD-238206A891F2|1628|EAD67B97-390D-3D72-191A-09C494A92214|2|10
01/31/20|A1DF7CBA-06D8-D3C1-1D7B-C9FD30655FF1|3829|C8CAFD53-E09E-4882-C898-9D87B6FDD092|2|8
01/19/20|84B7C918-F77F-444C-E3FB-0F8156C3F189|2173|BE4548AA-D643-34AF-AF02-1C0E3E6D8CAB|5|4
01/22/20|1632BAD7-F19B-EF24-8006-CEFB3D60FC11|3604|8A4122B6-C6EF-4820-397C-541CE1E3D502|6|10
01/04/20|7BC16E70-3AC2-58E9-967D-A1C12B4C3A02|1657|99FB803C-F1B9-D5F3-6F08-E774E71A2395|4|8
01/30/20|0AB3E2F9-C637-18A1-2F87-22A850497BEE|2907|28EED111-3CFE-9A15-A50E-0BD17168DC19|6|3
01/01/20|D40E0579-C18A-7E42-E3D5-89CA991B1235|3039|43CD8B4C-36FB-4E2A-F7F6-B2C29D5426E8|3|2
01/16/20|507280D2-A90C-CA90-8320-7D8FFED580CD|3610|5ED0A1E3-977B-C974-F9E9-C1E360691276|5|5
01/28/20|045F9444-271F-435C-5BBB-2E671794AD1B|2041|CC775A3E-7682-7F95-0A32-23AEDF99C9F6|1|7
01/03/20|29E560CA-63BD-9CE2-B37A-08EBCB8F7533|3723|2474E4E9-9F98-8C37-EB3A-DBFD55D46E54|4|6
01/10/20|22CB0A65-C0D5-023E-C2B4-849EBB6D0CEA|1871|DAAE7191-ABDF-2D58-D1B8-BA1D1F3C89C4|5|5
01/26/20|BFEC2016-D993-A37B-4125-E26046A50C1D|1536|4670C740-C173-9C3F-0510-07F62C54EF0C|5|8
01/22/20|7C5709B7-6EC2-3301-C789-99FB902FF343|2413|F91BFFE7-B8A8-C629-9F30-7D27FF2E01EE|6|3
01/30/20|1388E8C4-FE78-5D23-6C26-35B2E748D515|1274|139A4CA3-8CDE-9B92-8118-B8E206466ECB|6|9
01/16/20|66AC9C94-C3B5-3268-2B6D-3529597CCFD1|3255|5EC5A1CB-01E2-1E11-FFD7-394A05EE735C|4|2
01/11/20|59375534-1EF6-F0D2-0AC4-417611B57BBC|3072|F6824743-CE08-CE74-E91E-9EE07DD867DB|5|6
01/21/20|A8664EE0-1C24-664A-691D-DA8974EBC1B6|3807|A26B0463-F5CE-84D3-8E9C-3F409223BB2A|1|1
01/04/20|649BCCEF-2238-9642-460E-FCC0CBDB36F8|1553|D738C5DA-762E-3BEF-364C-0DF0894A4A40|1|2
01/17/20|98617664-748D-8120-06C5-5F06041D2B6E|1011|2FE61B4A-9E13-96BA-3A00-96A97416CEBA|2|6
01/19/20|04CCB24F-8E41-333B-C72E-4C3CA46C6B6A|3641|BB7813E4-FB38-4BE6-F6AC-8985B707C73F|4|8
01/02/20|EB1B88B4-32F7-3977-BA9C-78D179FB1F68|3099|C39D49A9-F3A1-AD75-0650-254408533BBD|4|5
01/18/20|BB56A374-6C14-1C7B-8810-14B8D24C5E02|3854|55123ECD-C005-59FE-0118-E7F305556515|4|4
01/18/20|A0D794FF-DD3B-7D06-CBB8-D16D173E6669|1310|08E5E5A9-DCFD-E842-0E35-F3FC9981C44B|2|6
01/09/20|150A4B57-8F63-5CA4-ECB7-748D3908DD8A|1328|4125542C-0CD3-313A-6667-58220E4A3BCD|3|6
01/11/20|CE516BF3-8ACB-2F7B-B1D2-834BC394C184|3450|C8D8D7FF-6574-A28D-7676-B353DD9A90B6|6|6
01/06/20|287ABB0F-72E6-E42C-AD61-527BADD7A2F6|2475|5392BD16-B437-A976-85A4-69A0084FB106|6|5
01/03/20|CE62902C-2045-243B-FA6A-5CE17C79A7E6|3549|A2E3628D-81E5-F30D-91E2-88E3FAC3067F|6|6
01/30/20|74214860-2F04-8B13-E8C6-2340A63FACF4|3870|B20D39E6-980E-27F7-67E0-DA003DBEFBCF|2|6
01/21/20|7FA521B2-1AE3-7E42-B03C-F3FAD2F2DF91|1731|40E5B327-73B2-A53C-BD8B-88EA968AC115|6|2
01/21/20|7C3E5DDC-FDF9-AA38-D640-D10D6B178E86|3002|DBB71966-0CE5-A123-A632-6FAC5D19AB05|3|1
01/05/20|9001EAC4-9D6E-464B-3705-6C155FD9B7F1|1975|C986FCCF-1A72-F55A-DC0C-D0A0E0CAA850|1|2
01/20/20|A26B492B-1AB0-7647-BAF3-2362D4E7213C|1073|89B8970E-6242-F826-FD12-5067447DC113|3|7
01/25/20|D77251B2-51DD-7ADC-7FB0-993E0AE16593|2481|1ACB109B-2D0E-34B8-8675-A1B9100453E0|1|10
01/02/20|2B4229F7-956A-3127-C42A-54CBD134791F|1423|921983CF-9541-93CC-0BB3-A1156F817575|5|10
01/20/20|C796B791-2B0B-60A9-CC36-00766F598BE1|2096|707D229E-C40F-3224-8A52-0A32ED6E5D5A|2|10
01/14/20|BC8EC6AE-ACFF-F152-4F99-C9988F4C19DA|3765|A95B931E-965C-2C5F-F572-DA770ADB0BE6|6|10
01/06/20|80DCD8F6-69B5-97E1-05B2-CE51D47F06FF|3966|B66A8C10-6BA8-C938-EB85-3BEBD41A0CB6|4|8
01/02/20|5B4C1B20-5A12-EC25-3C5B-B95762692950|1157|16DB6FD6-9174-1033-8782-FDDE9F4CA978|5|3
01/29/20|52446C44-5ECC-2C51-C5B4-8EFFDC38ABBD|3030|477D6BE2-48FB-65E5-6670-F70CC1A59F91|5|7
01/23/20|A46C8192-ABEA-06DE-652F-B92984B137D7|2382|FC798F75-6303-CE91-2DFE-65A6039F014F|3|2
01/02/20|4E3B91F2-3CE8-2619-4860-6B80F4C65DF2|3637|45DED397-069F-52ED-E5DF-1B751092275A|2|9
01/10/20|2BDABC86-A019-BF64-D4EA-ABD1A7CCC884|3704|F8FF8559-7CA4-1BDD-2C67-5EE52BC5E6E1|4|10
01/16/20|87341A78-C5FE-1264-E263-7D07731E505C|2023|975ABF89-BE7F-E598-5A72-BAA146BD0D85|3|10
01/09/20|6CB80BC6-B16A-773A-7AE3-902F23FC4F6C|1366|2AA49752-2DAF-E344-6225-8EB8DEC905B8|3|3
01/01/20|9D086B83-7D31-FB7F-FBDB-B695ECAB6879|3337|63D9D334-1228-1924-DA71-87496B283A25|5|2
01/20/20|D5713E02-5B9D-B9EA-7A15-28450FCE490A|2102|DAAE7191-ABDF-2D58-D1B8-BA1D1F3C89C4|5|9
01/29/20|8B491DE9-54C3-90DC-AF21-7A5E1ACAF251|2784|0E52217C-EAD8-6204-5652-E30034AB13A5|4|3
01/10/20|574E8FD7-A9EB-E763-D38C-9620C966EBC1|2183|2F88A9DE-ACBB-6469-0ADF-7362D55C0278|3|8
01/18/20|0E20E774-E5A1-C647-3A97-3DEFE28081FA|1900|57B095C6-78B4-C29B-D321-91FC1E3880D7|2|7
01/22/20|6F06E253-45E6-9599-8301-84AB7297C78B|1015|7CE435EA-EBD6-E713-6E46-D09F1C5C7895|3|1
01/06/20|9DEA38D1-24B9-7D62-B037-1129EDC16A1D|3932|5E538E2C-811C-DD63-5A42-345DACE42845|6|3
01/26/20|C29F103F-1CF2-40BC-8CD2-ABAFEDD10CC1|1995|E0EB24C5-FE2A-F211-3263-6FAAE141F326|2|10
01/04/20|7FF7B08E-4602-40C1-9EA7-091BB96D64C3|1641|FD0B1A9B-B5A7-9BFB-7D78-9873211D4761|5|1
01/06/20|62C7EEE8-9BB8-8D3E-1545-2BA38832114C|1607|30F9E065-BC23-28A0-2B4E-2D27AAD58F93|2|3
01/02/20|B5606D96-F771-E235-AE87-52FCE5B9FB2F|2190|A45D2264-7AD0-DA2E-2522-96D3AA5B8239|5|2
01/11/20|CE4047F4-D4F3-A6F3-7A8D-3A50B6C8F17C|3791|8ABB4A8C-1A8E-9AD4-F8BE-2744E8DE4A20|1|4
01/06/20|8E96AC44-7867-C458-21E4-BBCBDF9AD410|3909|9C10D542-871D-D1BD-2F9A-99DDD0E148A2|3|2
01/13/20|6CFF540B-C644-4930-6723-C91A65A29C83|1460|57809B4F-55A0-60F8-DA78-AA635380251E|6|3
01/12/20|D84DDD48-EF8D-DEC4-4498-5163C992EDD2|1111|6F714E33-8FF1-9EF9-C895-B36851B1BD22|5|3
01/28/20|9C149C32-2180-5F1F-1046-35A0F9851E39|1084|BC24937E-B657-7BDF-50CC-4FC88D3CAD8E|4|6
01/22/20|9287FC7D-5FC2-6A50-8E11-82B0DED96F3B|3578|5522A81F-AAB3-A113-F23A-8FD5658D0B6B|1|9
01/12/20|B97FA393-E96B-870C-A738-B6C6C9CEE79D|2441|02A694B1-7BAD-AAEF-465B-704BA1D564F1|3|7
01/23/20|4275B484-502F-C271-EBC2-B95283105BC1|1375|B820B3D1-0F2A-A085-5791-11978DC2105D|1|7
01/26/20|C26666EA-7E2B-D7B4-0830-E9A46848DB1A|1911|2474E4E9-9F98-8C37-EB3A-DBFD55D46E54|5|2
01/06/20|245D7728-6D54-A4D6-936A-0F92A9AF435B|3114|B73759C2-90CD-62F3-B45A-6784B9DE977A|5|9
01/14/20|C3E609C9-4F5A-DB8F-6F60-B6358AC57307|3467|BDBB7415-7184-0DC0-9412-38A822B4EBD5|4|4
01/10/20|1F42D0BA-6177-493E-9781-CAD3645A2A78|1151|5552DE17-B04D-A3C6-0B74-31FBA8D1C846|3|3
01/29/20|4DD2AD54-7187-C0F3-45F1-2CC4BD1E6B42|2639|6D33D2BD-0BFD-32D6-D1BC-4E5C9A79CCCA|3|1
01/16/20|E1D7895E-5FDD-0F8D-66D2-0F941CBDA8D9|3430|F19239AB-8B29-D706-81AE-79485FEDC318|2|1
01/26/20|70F87E53-B406-F6AE-886D-330B3971F820|1701|1D15B321-C5C7-C8EE-2A6F-DC264233221B|3|7
01/04/20|3E216EF9-A547-7CB4-6272-DE61755F3B16|1741|653C6FEA-E9A8-9E2D-0294-162152B3DC60|3|7
01/03/20|0EF87920-A46A-88C6-29EA-461D849E3B86|3376|FCDFFC0E-246E-54EB-331E-A974600CC8B1|3|7
01/23/20|302A6C9E-46D4-AADD-2EB6-3902D7A85BE7|2698|A2E3628D-81E5-F30D-91E2-88E3FAC3067F|5|9
01/18/20|85E61CF8-D40A-0E3D-A64C-C04EA304FA77|3936|1463A0F5-208B-BCF8-8B0E-924205F321AC|4|7
01/09/20|A38A291B-C1EB-7675-DC8A-C503D2F351A7|3827|7FD4DC9A-9166-8CD5-F301-1F63788CCE2A|2|2
01/01/20|FDBD0581-2F7E-8F0B-8190-CD9EC8C750E9|2128|CAC86681-A7AE-587F-2DA1-69B1776FC8D6|1|3
01/25/20|31EFEA73-97F7-5E9D-25B8-25CE9C5430EE|1256|8C26BFDA-D3BD-D180-CCF4-4DA33EC87533|4|7
01/17/20|D139FCC8-F41B-FDA2-0CEC-EED1DEE7F4BC|2527|45FCCB84-9780-5102-D4BB-0254C6A62221|1|8
01/29/20|1B885788-B352-FE00-9A01-2EFE14C52032|2209|DF248D91-D4F4-3CC9-CF93-2EBBFE276EC0|2|1
01/15/20|8DF1D059-FEA2-72C1-82D3-F1CF16C71934|2543|035033B3-D44D-FE50-AD09-3DCE891C07B8|2|4
01/30/20|F65CB717-12CA-BDEC-5BE0-CD80ABE03254|2230|F9F6B7A5-3091-62F6-9FDB-F13EA3434232|2|8
01/31/20|3D225CED-9DE5-7CD0-4978-01CB91F44486|1282|8582929E-967D-3195-3E80-EA91C2D566C3|5|4
01/09/20|C81482BD-8824-3BD1-68C1-19DCD8D66F59|3878|F19239AB-8B29-D706-81AE-79485FEDC318|4|2
01/18/20|40FE75F7-6F84-959E-6856-60F3B8472AFF|3847|D17AECD9-4136-8511-395D-A780AE2EED74|2|6
01/23/20|940FEA9A-7D05-9536-A838-395BAB7B26B4|3830|FBEA67D2-8D47-84CD-4F84-5B3724EB19BD|4|3
01/31/20|87813AFF-B62B-C65B-A02C-2761307F626F|2507|DFE14DC5-9368-E08B-4C81-620D3248DD26|5|6
01/17/20|D08D68C3-EF9B-AD97-28CB-D67E0EE91486|2487|5523DF0F-C882-B0B4-DD5F-4DDF14BABA5C|1|9
01/18/20|F797C9DB-B79B-C3CE-FCDB-0D5C8F32314D|1214|F40E33C5-AAB1-69E7-F5F1-85B907A2FA9F|6|8
01/24/20|25BE2496-ACD1-5F4E-F2D5-E111EB6F227B|2631|4B09E0A9-9453-5101-EC03-92471F7AECC7|1|8
01/26/20|34815DB0-CB9F-EBC3-6FDA-2A7F6BF1B542|3635|63E6AC03-2488-24E2-C29A-B134C543F6EC|2|7
01/22/20|0976EB72-7BD8-E0E8-F617-6930423BDEA2|3598|F40E33C5-AAB1-69E7-F5F1-85B907A2FA9F|3|9
01/20/20|DC2BE6DF-9BB2-8ED8-5206-5D2FFDEE4CA8|1075|23614D05-CC6E-7D7B-FC59-2672F09503D0|6|3
01/13/20|C3C8433C-1094-2B9A-43A3-EF211006180E|1463|2903A8E3-180C-D46B-7E42-E975790367AB|3|6
01/13/20|9586554B-1946-15A3-171D-97B3321F20E4|3085|DDB83DE0-6DB5-3ED7-7E0B-6008A9CEDCF1|3|5
01/05/20|A4798B07-3CA9-383A-E400-18654ABEFC61|2668|F4D130AB-CA78-314E-5103-C1E3F9341198|4|5
01/10/20|D1F2C979-2EC5-A002-FDA5-5DD60D749696|3959|26316900-2E93-C19A-362C-2883FDB702A9|3|10
01/03/20|1256E154-ACAF-571C-EF14-F42DCD964B5D|1546|1DE55370-B9D2-09B4-F428-FF3DD16ADC17|4|10
01/30/20|7FB90706-5DA6-99FD-2A2F-44A23FD50BE5|1496|2AA49752-2DAF-E344-6225-8EB8DEC905B8|5|6
01/30/20|5B54F25E-D031-993E-3645-970F1C6B8D31|1368|36074CD1-CAFA-B37A-36AC-389623CB2B33|3|8
01/15/20|3A490AEB-A9EB-18CF-9217-499116100F00|2875|F8FF8559-7CA4-1BDD-2C67-5EE52BC5E6E1|6|1
01/22/20|654AFB07-8E85-CBCE-2FF7-E8BF4CFE9980|2841|CB5FB258-6FD1-5642-677F-2FFF8EFFEA1A|3|2
01/31/20|3825557F-8A13-EC77-3125-CA96B54BC2FE|1229|A9F1F74C-C72E-676E-A222-2AC3B3464891|6|7
01/26/20|C359A0DB-2A45-25A5-87A2-CF9A6CD60512|3970|06B2036A-5F1C-8D37-C9F7-BA9719A4A86B|2|2
01/19/20|FE7E13FD-D0AE-28EF-5B8B-0D13335D575D|1301|44AAA3B9-F304-26BE-F536-E5622179399C|4|2
01/19/20|DCD4C095-9769-C1C6-7BCE-095A6AC84C3B|2559|4C652542-8BA8-314C-8EA1-BFBD12D67D97|6|5
01/20/20|49E8F722-8964-B6C3-6D09-8C694A3E5169|2364|D463C399-63AE-8752-16D1-C969C1990BA6|6|4
01/29/20|9CDE36A7-2DB4-F030-7A59-985874019621|1948|0B470AB4-D20B-B33F-BD97-98AB43D1D6AC|4|2
01/12/20|C09516A5-9491-1923-7169-36C2CF0C9D8E|3844|F6E8B1C5-EDA1-E979-E137-72DD576FEDB9|3|1
01/25/20|BA2F0249-3522-79D2-B3DE-6D08C425DCD9|1116|48E1770D-132B-D616-84CB-C30C5E70CD06|2|1
01/30/20|36D732D7-1F33-1475-F3F8-65123FB74BEF|1937|34C43CC3-F2B1-1579-1AF0-1B6DE48B6277|1|7
01/06/20|CCA9E11C-0495-70A4-8C1C-D4211DEF606B|3336|4670C740-C173-9C3F-0510-07F62C54EF0C|4|1
01/20/20|C17EA1C0-266A-8D02-CE58-99F670A047F2|2555|AA559FEA-A857-25DE-8005-0B8EFBFEF849|2|6
01/13/20|A40DC037-C31A-277C-FAA2-D07463C29DA8|2147|FFDF798F-D14F-06E9-328E-D49F8E74BF1C|4|9
01/29/20|91BFBB72-320E-19CC-2745-FFC70AAECBDB|2874|CF749D53-FF02-5B68-38B1-900246A6864E|4|10
01/24/20|5848DF16-9FB0-B07C-7441-6AABC1563B8D|2140|45FCCB84-9780-5102-D4BB-0254C6A62221|4|6
01/19/20|10CAF2B5-CF2B-4A03-0371-DCEA3AC146D9|3045|315BC932-5BE4-F8FC-FE57-A61B9E9DEC8C|2|6
01/07/20|5D9182DF-8359-28B1-FEF7-7C7F4A34763D|1171|8A4122B6-C6EF-4820-397C-541CE1E3D502|1|2
01/24/20|518119ED-3878-723B-C4A5-5B6FFB0CD484|2192|C176C9E4-DD89-78F6-98E3-D48B98F5C879|4|3
01/20/20|8CAEFFEC-A556-6064-4859-93861252366F|2713|EAD67B97-390D-3D72-191A-09C494A92214|4|5
01/09/20|59FB7CAC-8A83-C931-4D6E-94C4CAF05317|3167|BDBB7415-7184-0DC0-9412-38A822B4EBD5|4|6
01/23/20|BEC76B58-725A-2193-A2F2-321067DC331C|1981|7628CF79-77DB-A6EE-DC54-E52939D166DB|1|7
01/31/20|F3EC9AAA-A549-88E5-10EC-A8EFDEDEA8DB|3301|6E2222C4-D39C-B7B1-CBDC-9B95541FF865|5|9
01/26/20|B419BA7B-D60B-0947-8DAC-19B41F3F0175|2200|57B095C6-78B4-C29B-D321-91FC1E3880D7|5|6
01/17/20|5A94C3C8-4A5E-15E7-D287-8447AB3B1F77|3957|1A7442A8-8877-D82D-EA19-BEFEF29BB522|5|9
01/11/20|2943A974-3E96-570B-1228-7B1507AEE5B1|1626|1E2BBA25-12FD-18D4-841A-B0C07919C077|6|4
01/24/20|EA214828-C745-3523-46C8-18F4785DC1D9|2026|953E0172-CEDB-8493-4F0E-BA54E4C75DF6|2|1
01/18/20|BF457C72-CA64-1983-844A-5B17D7DAF164|1012|664134AE-22FE-DA1F-2D02-4A98252A0B09|3|7
01/21/20|4A26466B-1D61-F872-EB1D-CC0C478B90B7|2989|FDE6F888-9F93-7CDD-79FA-FA55BC3D0AE6|6|8
01/13/20|0E5A14AD-F0ED-40EF-5F0A-CF38D8A5D01A|2193|FFDF798F-D14F-06E9-328E-D49F8E74BF1C|3|10
01/01/20|DA6983C7-7BEC-A6A0-3363-C794A3FFEE31|3996|953E0172-CEDB-8493-4F0E-BA54E4C75DF6|3|1
01/28/20|CF21586E-37CC-B0A1-DBBA-9A9BACBEAEAA|1447|73B9EA0E-132F-1820-903C-A71B5C6FDD57|6|7
01/25/20|DC8589A2-5DC7-6E0E-033D-529416EA0B27|1006|3128FCC7-11E7-C1BD-D19D-E5B786BA2045|4|6
01/18/20|82C06AFA-FEDE-F1A0-9D31-F3403836E16B|3730|B886418A-B53C-51B0-7CC7-43CFBC37A933|3|10
01/18/20|00A3340A-F130-FD1C-D707-4AEAE48AE0D4|1693|7FC8E57E-C53A-0932-40F5-16AEA33014AA|5|1
01/09/20|CA8DB9B8-62B0-C84F-9956-72848AAFAEFC|1718|081F4E4D-B23E-4FEA-E3F4-E300954FDED8|3|1
01/14/20|398CD20D-B206-692A-B42C-11150FC45661|3894|310481A7-54D8-95F1-316F-732AEA0C86B7|1|3
01/06/20|8F1F5505-FFAE-D48F-9DB7-6948CA2BA5DF|3013|FBDCB57A-0EA3-7853-C41C-E3DD772E5A4E|4|9
01/03/20|DAC30578-90CE-3ED4-679F-FB53B954B785|1423|92C78FFF-B1E7-EDE4-AEAA-2FAD0D71D930|6|6
01/26/20|4C22AF09-733E-65D4-53D1-037CE8866211|1896|12F7B5C3-FEF2-0AD4-8CD7-F434D33B2F90|4|6
01/28/20|831FBCCC-37B4-E0AD-2ED9-DA15F683C7AF|3572|3E80F394-12C8-7981-0B18-CEEFC358D9E1|3|2
01/25/20|9D2822D7-F44F-B71D-E0C3-7CEC01BF2F48|2827|E59768C6-1240-51A0-E6EA-C272946B50B7|5|9
01/17/20|488D9FCF-77A2-093F-9641-7238043B6838|3064|4C652542-8BA8-314C-8EA1-BFBD12D67D97|3|5
01/24/20|0A0F96B1-4D2F-13BE-FA3D-D1B148A8826D|3356|468ADD9C-9D7E-DBAB-AC38-AE0F2045553F|4|8
01/17/20|7C58BBA5-85B9-076B-B60E-5A4CF11454DF|2408|2F61B4C1-067D-C741-47A0-6F9130BBC132|2|3
01/31/20|EF7B8814-44E9-7C0A-28F0-7F6310DB6490|1333|CF1576A9-827C-5063-C5AC-566EEFD93A7C|5|3
01/22/20|2C2870DE-0B1B-9E93-737A-408D397900C9|2391|181A5F7D-91E0-239A-5141-F1E958220B7F|6|1
01/02/20|2F9DC176-7204-4C3C-5D23-6CB1F7B4010A|3503|EFC67233-B160-6F39-67A0-1117EDF13B6D|4|3
01/19/20|2A911C84-9A74-6C50-8008-3815E570DD10|2826|D283F7DA-FD14-1EBD-15E2-47C8B97708EA|4|3
01/24/20|486BBC35-D6FA-06CC-8A02-C97E6B074CE4|1734|4B09E0A9-9453-5101-EC03-92471F7AECC7|4|2
01/22/20|0640319F-98AF-B42F-F263-4F36803FC145|1560|7A3559D7-92DE-CC0A-CA4B-ADB166DBCAD0|3|2
01/15/20|1DBB395C-ED15-3D87-26D7-E6F26F424537|3150|F6E8B1C5-EDA1-E979-E137-72DD576FEDB9|4|8
01/28/20|742E892C-6183-A29B-7B45-EA9563BEDC6A|2117|A50963F6-DF08-7F6A-F530-6528FA5699A1|3|2
01/25/20|147DED7E-8EEE-BF80-0FCC-5763DC0319B6|1773|56087051-E4E4-62AB-7F8C-657667E3627E|6|4
01/24/20|1DD02C5E-2E96-58BA-88D7-51EE1633DBDC|3187|40D387C2-D16D-0A33-7A10-2F72F329268C|3|6
01/20/20|DEDE7DA2-C99C-062A-C381-E3E7D84F35AF|1823|36074CD1-CAFA-B37A-36AC-389623CB2B33|6|7
01/18/20|0223DCE9-6C8E-26FA-A229-02F810A6BD80|1149|06F9E435-AF90-C13A-BB95-F091823647DD|3|4
01/29/20|2892F81A-28B3-A4DF-47B9-5E800E128256|1691|993536D8-2899-2F2E-B77D-8D369D5B6AC2|4|9
01/14/20|04D4734C-EE4E-D122-E56D-67DA016318FE|3868|640B9A44-1DB6-3F4C-D29B-B5898DB661CC|3|3
01/12/20|CFC3CA6A-195E-B5C3-EA2A-3278E364CB67|2231|055BF738-EB6B-FAF2-B46A-6AF295F63B38|2|7
01/05/20|116971EB-E2A9-A483-F472-627B88ECB339|2112|A95B931E-965C-2C5F-F572-DA770ADB0BE6|2|2
01/23/20|5684ED1C-D522-1322-9A3E-BFB664475BC7|1961|B9AD00A2-D2EF-6F2E-BDEC-943BADDC1FA1|3|4
01/23/20|A9BDE033-A95B-3122-0807-284FFDFCEF7C|3819|E882D61F-BA3F-7C85-2E66-2CBF9226CABF|4|1
01/19/20|2F0BE46B-D884-1F21-782A-4B7261F218EE|1855|4AA8F2E4-40BA-52A3-67B4-E39AAB1EC527|4|9
01/31/20|5D6139B5-254E-7BE5-8A2E-836CA1D95234|1886|0ED07402-3ABD-A5E9-2486-9C2B52836A46|2|1
01/09/20|73B880A1-2A4D-BDCE-955D-C81924C8F2D1|3063|DEACFB6F-5562-EC58-0E5A-4D19DE7DF4B1|1|2
01/11/20|9E3D91D5-9E0F-4C18-7C6C-D9AB2FF8E3BB|2194|4125542C-0CD3-313A-6667-58220E4A3BCD|2|5
01/09/20|D046F275-006E-18D2-A3CB-4368FB0E69B9|2180|B820B3D1-0F2A-A085-5791-11978DC2105D|3|7
01/15/20|64B7D9DB-6349-E736-5A39-3044355A1D6E|1239|B71B07AF-1A8C-7F39-9886-2F5D32EF0DF5|2|3
01/14/20|82D2387C-4117-2046-C0D7-DF9CFFBBF52F|3498|6CDF61BC-F90F-C191-BE92-A96FD458E951|1|7
01/29/20|C466355A-84FE-20B7-C0BD-3569FC48F5A2|2482|A53E239E-2272-8991-7841-70F37E92041A|4|2
01/23/20|CABEF04F-BA45-1B69-C92A-96BF6F1D302E|2657|DF248D91-D4F4-3CC9-CF93-2EBBFE276EC0|3|2
01/15/20|D21BA784-B066-6858-182A-95009DAC5498|1933|0C7FB50D-01C5-932F-F71B-C17EFC6D0A83|2|1
01/11/20|CE7C60B0-7AC6-6EA9-28F1-B28C4752A8FF|2603|95FA3E56-0467-9C98-BB8D-04C9E3F41291|1|8
01/05/20|6A3EE10F-CEB9-AA44-94B3-2EA730D1DFBD|2954|BF8775D3-77DE-06F8-BE74-B69AF07F9362|4|10
01/30/20|CE3235E8-0C2C-E252-11AD-92CF7ED74A9D|2935|523C1C5C-7114-3836-4DE2-93CECD4D7502|6|6
01/10/20|C0324FCB-D6CC-9A62-5DD1-8E5AAB6A1DCA|2805|20605114-25D9-0DA9-C7DB-B9A2701EE6E7|5|3
01/19/20|9778BA46-C9E0-5D2D-6CCE-78B48427E83D|2263|AE677BCE-B45E-D7CE-6F1C-DF9C51AFC1B7|4|8
01/08/20|E640A7CA-02D4-7135-FA31-11D8F99B58F0|3328|A45DC17F-0ECA-15FA-9DAF-B482456AC7F9|3|1
01/04/20|AF9A0B2D-1227-ED59-7E3D-8235C2AF99F7|2997|34882A76-AA25-A9AA-0C0A-BD4FE3C54328|5|3
01/08/20|14AA5C7F-444A-15A7-9856-FEE6ADF7999F|3713|BE4548AA-D643-34AF-AF02-1C0E3E6D8CAB|1|2
01/20/20|4C3B1DD9-1EC8-40B8-397C-1F399CA082A6|2239|7C76CF10-7AA5-B90D-DD91-BE7731BF867A|3|1
01/13/20|5A0F168B-023D-A7BB-2BB0-0FE983575D17|3182|B5138988-C5A7-398D-44AA-CAA1BD41CC2B|6|9
01/21/20|F1A64E36-D57E-FF87-B242-2FB49932A307|3695|A356C0D1-5432-95E4-5496-2B74D1793862|5|9
01/21/20|C4FB96D0-8826-D765-AE94-6C7D41AB092F|3112|0E932760-55A7-DBE6-186D-640223CB592E|2|6
01/30/20|697449D5-1381-EA9A-39D2-06F47FDEDEF8|3005|72CE5B8E-5160-7F5C-FB47-6020573D85C5|2|10
01/15/20|2AA1EDCB-BD02-DA28-909B-BF282E6B59D7|2495|149657B6-74B8-7E9A-AAFA-D815106AEBF7|5|2
01/17/20|00BCD39D-7A38-0F33-4169-1EBFC349CF88|2638|7781FD8F-C058-D11D-3F34-DFBB94540A38|2|9
01/05/20|6689804D-72DD-105F-6B3C-C4CCABFE4AA4|1072|4125542C-0CD3-313A-6667-58220E4A3BCD|6|3
01/03/20|F4B4026D-4449-C074-89B0-7C3E285794A6|3517|7A076757-45B5-CE04-E9D3-AE25F5658F8E|5|6
01/13/20|B0D51BD7-B643-2E15-228C-2B9C5A7DD450|2368|82DEFCDC-E832-7962-32A9-9A92D0DDE78C|6|2
01/14/20|871CB468-E712-205A-98AB-651F45F88CA4|2687|32083A21-9FF8-C26C-0B0E-658E0D9A9372|4|8
01/06/20|945DE9FA-9C47-61BD-A2E2-AF8FB67B18D7|3713|605166DB-6D48-0294-760F-30C7EFF7992F|5|5
01/14/20|FB7CC3AD-9219-3756-B819-7BD9F972E4CC|2941|BDBB7415-7184-0DC0-9412-38A822B4EBD5|6|5
01/19/20|DE96EE09-EC64-5CEB-F9BA-C230E1BF6AC6|2896|A06A06C9-0811-8849-AE4A-ED7E9AFDCAC5|3|10
01/19/20|640E4BB7-43D5-80BB-6E2F-8E0DA47547E0|3012|FBEA67D2-8D47-84CD-4F84-5B3724EB19BD|2|5
01/23/20|0EF96EFD-E944-0693-79C0-654A189D2EFE|3826|187E823A-AC2E-7BDF-E6C1-00203E805362|1|2
01/15/20|C74AEE06-931A-51ED-02A1-4E7EA992E111|2761|EC248668-9FBB-E255-C5F5-CD2E5F7FA0ED|4|1
01/05/20|D9CFAB58-D676-5327-C0DE-C9DC21098EB1|2118|E71BD079-B42D-578F-F2BD-9DFA1A6EB3B0|5|2
01/15/20|B0BDB915-E62E-1461-180E-C42608CB91E1|3409|A356C0D1-5432-95E4-5496-2B74D1793862|4|6
01/20/20|ECD1C552-C735-CCE2-7C01-F7DC5A76BC98|2570|5E538E2C-811C-DD63-5A42-345DACE42845|2|5
01/01/20|2177A6A2-59A2-C0BC-2912-6DC1DB1CCB79|3161|B66A8C10-6BA8-C938-EB85-3BEBD41A0CB6|1|1
01/01/20|2393B113-83D1-503C-13DD-AED3432975C1|3845|CC775A3E-7682-7F95-0A32-23AEDF99C9F6|6|9
01/10/20|C9E8D466-1961-2B5D-FEC8-054C6981FDFA|1699|9F7CFFB7-30AC-B493-D09D-FCB11BC581D8|2|2
01/27/20|761DFB53-BFFC-1181-E777-7DEB439B56FA|2476|9E0F11F6-6418-AAA2-09D3-86EE80FF34D6|1|7
01/05/20|01E08A0E-A44F-322F-8B0A-7202AD64FC22|2384|A70029DF-0A6C-16BD-E96E-503291FFF066|5|7
01/18/20|C40C869E-1D2C-DB26-29A6-9F675B944072|2233|33999A98-9769-C466-DEAF-AAF0384F1F4F|4|1
01/27/20|F99FB398-2679-F622-C3DC-847899AE5CF1|2274|E50A33EF-6E79-6477-0A45-49EDEE7B9716|6|6
01/07/20|234A01CF-1106-F825-3E46-BE177DEF8AE3|3557|B7BEE5F1-2047-E25D-354B-042DA406DD35|4|2
01/17/20|D382562B-C7D3-D0AA-4C54-C547E3232688|3901|181A5F7D-91E0-239A-5141-F1E958220B7F|5|7
01/25/20|4C8CDDF5-730B-302D-D04F-F47662630D80|2921|443CAF39-9CAC-D1A6-9422-C48C25F4DECF|3|2
01/30/20|409BE1F7-582C-604B-E705-30F4FAE55DDE|3070|6A375E74-7CD6-A48C-F1DB-4AE76797202F|1|3
01/22/20|D4380A3A-AA73-BFEF-B16D-36374E58A034|3319|0653C650-C6A2-8A04-D0D1-3894AFDC4352|1|2
01/09/20|EFF19A62-1D10-888F-DB8D-AF741AB97307|3448|91C75E14-909D-C369-8C73-922D5232EC7D|2|9
01/13/20|8D2DE308-12E7-1570-416C-3BB3968DF465|3334|B20D39E6-980E-27F7-67E0-DA003DBEFBCF|6|5
01/09/20|1C0B8070-CE8A-AF3E-B61C-A17C7296B136|2960|C69379A8-8AA8-B218-7202-D078583341A6|1|9
01/18/20|6841D7ED-67B1-67D8-1905-A3ECDD96259D|2595|A886C29D-3F12-B085-0B0D-E5DB13F51BD5|4|10
01/02/20|8B32282D-E109-5322-3A26-3B4F6AE1AE41|3197|41E9F6CA-C6E3-ED33-9D82-C799500C1D1A|5|3
01/29/20|9052F85E-35B8-D1CA-38B9-5DB53C01D0B1|3055|34C43CC3-F2B1-1579-1AF0-1B6DE48B6277|3|3
01/15/20|64A85683-04EB-08E8-11B0-6C78BE452848|3709|1E8F4288-05E8-DAF0-8308-96EC9628FE55|6|4
01/20/20|F43054C1-2E79-5DB8-82AF-299D083E8D91|2076|673FE64F-2665-0C5E-0DFD-2ADAB313DECF|5|5
01/15/20|0BDB462B-63DA-3496-952D-3A5A227415DD|2291|E59768C6-1240-51A0-E6EA-C272946B50B7|6|10
01/17/20|5CDC986F-0454-6E66-740F-990CEBD55A06|3227|72AC6083-7708-5699-745E-9611E27A2FEC|1|7
01/04/20|96448CB3-E23C-7EBD-DCCF-629CC5949AB4|3770|378A0121-3136-E71F-B76E-629CC5C97214|4|6
01/05/20|2C8A278B-9193-BDE4-17EE-A0C9E2D9CF31|2681|149657B6-74B8-7E9A-AAFA-D815106AEBF7|5|9
01/30/20|8FA11D92-B089-BDCA-4868-AB38C2631719|1255|0BF9DC0F-1A83-5564-B14E-C9C039A3C965|6|6
01/09/20|2F3EA7D3-C8A7-F88D-21D7-2CEF23CD0300|2686|2B0AABDF-F0B3-A605-0D05-F0DDF4D58746|5|8
01/11/20|ACF36FB3-B8C1-F4B4-3149-B7E24A1402A3|2281|7496C3A0-91AD-3E5E-678F-624822151A90|2|9
01/05/20|B14D6C9F-C186-45F8-5D62-4408366FD13F|3357|A521A866-9AE7-B17E-2497-58A269C32BB4|6|10
01/05/20|D321E1DA-A462-55D6-DE4D-90A2F6E34CB2|1830|2AE873AE-3452-193C-7D58-8CBCB476E133|2|10
01/14/20|FB39A98D-DC8D-87BF-441C-73A2BB0ABC4B|2843|C46916EA-1EBD-3590-45B4-5C40FC12BD06|1|2
01/15/20|C9732D2A-63D3-B7D3-1795-06F74214F44B|1865|FA646797-C7E8-C142-E828-AF2F3A35FA3D|2|5
01/26/20|58A396C4-CAB6-B669-5A61-36C7C9AF63FF|1846|D86D3756-CA0B-C238-8B42-21C3F199592D|4|2
01/10/20|25A790AE-4370-207C-5102-07BC8F50FB26|3903|48E1770D-132B-D616-84CB-C30C5E70CD06|1|8
01/21/20|83BF8378-E557-DDA5-67B0-A81B474A26CA|3542|BA0E1540-5C31-67F2-557D-57C8B62BB5DA|6|8
01/27/20|20517AC6-7C79-0122-F1FB-DB5B556215BB|1462|DA945351-84FD-389A-69A4-D781D264C910|3|4
01/04/20|82BFD2B3-8B78-6736-F95E-275C781095C7|1597|9F7CFFB7-30AC-B493-D09D-FCB11BC581D8|5|3
01/23/20|771C9E62-AA68-15A3-D0E3-3BC30B483A6E|1880|0A026818-5351-D6A9-32BD-5B127EAC8CAB|5|1
01/22/20|AACF886B-DA48-CE6A-8CAF-9DCF831F78BE|3384|15ACB3E2-2121-F758-38A1-38F822A5BD8E|3|5
01/08/20|9012C443-DEAE-6B05-FB30-5A51A4B0F10A|1437|AA3E940B-9F39-5149-0285-13D21CB6D5C6|3|6
01/09/20|64FC20A7-03EB-DBA2-AC5F-DA29AD4312F6|2562|187E823A-AC2E-7BDF-E6C1-00203E805362|3|7
01/18/20|9C72306B-B377-B223-2938-13D9AB256946|2271|863B7E0F-77A8-1E0E-7BAA-41FAA95697C7|3|7
01/07/20|88A2DD53-334A-6259-C678-481213321383|3647|509363C3-1C2C-BE72-A0B4-B534BEA13057|6|6
01/11/20|1AEF96E3-053F-5F3D-D45E-CC6318FB4611|3859|6480B4E4-6F1A-46E0-3081-E0119A559E52|3|2
01/14/20|FB89F457-55D0-8AFA-B029-C0B4C9E2CE68|2281|514874A2-9AF8-94C6-4F53-58A4B3D88107|1|10
01/28/20|8C0773E6-B04D-9E10-8EE7-18E9C1ACA197|1151|D8C8A76B-6B77-2908-93AA-CC8C3454A516|1|9
01/27/20|14E7966E-6AB7-7953-D708-B37BFF262F5C|3707|94E673A1-6002-73F2-3A5C-C6A4E1690C39|1|6
01/23/20|C8982F76-2419-BB43-1911-FC8F6C27224C|2794|941641FB-9124-192A-B4A9-1C16C0BAEAB5|6|2
01/09/20|8DA5FB18-0D48-999A-CF8E-CB783E19A48E|3431|B5CF610B-7333-199C-C449-E7B5D7D6F873|3|3
01/14/20|E80DF5E7-B9B7-B459-8534-226CF15E5B3D|3105|26C4852B-2619-9951-CA94-D0FC547CEBC1|5|3
01/24/20|CAC1EE2B-C1CE-AD59-38B4-A7DE833EE29F|2138|B3D209D4-8816-4BB3-6397-0208C8CAED6B|6|7
01/18/20|C005A339-D684-7895-FD07-A9B957BC9925|3048|0EE83810-32DF-1FAA-B123-0CF887A76E38|6|10
01/12/20|E84309E8-7BA1-0CF4-9E37-0D500DB63E32|2740|9ED021F1-2AE5-FA9F-AFAC-447459519DFD|6|1
01/20/20|58D3853D-8430-40FB-361D-183B91EC1766|2405|F6005C1C-0075-BCD0-1B06-B581BE4EFFAC|5|3
01/06/20|CA7B32B0-28B3-B29B-5BAF-D84FE0CFBE61|3945|8A4122B6-C6EF-4820-397C-541CE1E3D502|4|4
01/26/20|8AABC4B0-E3DF-345A-22F1-2DB523E3840E|2851|DA945351-84FD-389A-69A4-D781D264C910|4|6
01/24/20|BEE993B4-7085-4118-9488-68B31A41D9ED|1803|6107BBC9-09DA-0E3D-B266-DABF566A088F|6|7
01/12/20|5AB7C380-CBEC-580E-138C-D63B92D446E4|2847|9ED021F1-2AE5-FA9F-AFAC-447459519DFD|5|4
01/01/20|C1DD97B7-444E-C081-80E4-AA6226D6FB69|1390|A45D2264-7AD0-DA2E-2522-96D3AA5B8239|2|4
01/06/20|B31A41BF-9BE8-4200-05A2-A4E7C0D45294|1589|3EE936CD-751F-4CA1-00F4-7104D80B88A9|3|3
01/02/20|4E56A553-BA70-2FD6-EA1D-61CA838B8DC1|3802|5EC5A1CB-01E2-1E11-FFD7-394A05EE735C|3|6
01/18/20|C6F8E88C-12A5-00A1-EB17-5C1B66EF01AA|3205|8D8D3D8E-776E-C677-D6C5-C592D38518D1|6|10
01/28/20|84FA9744-0E76-8C6E-0A76-16064244C6BF|3574|FA646797-C7E8-C142-E828-AF2F3A35FA3D|2|2
01/23/20|88D73389-B5BC-785F-878B-82CDF33B6A4A|2592|175825ED-D324-91AC-E815-8D49D3AF8DA9|4|5
01/30/20|CAEB5262-5199-2AFD-64DA-E9DD6E0B1B9B|2693|24BAB7E9-9A45-C6D7-69B0-6FCA33430928|1|3
01/19/20|FBADBE50-4F29-7265-31D6-7188CEB1C631|2311|F40E33C5-AAB1-69E7-F5F1-85B907A2FA9F|5|5
01/02/20|6A6F11F9-204C-A145-F5F5-8F998F925CCE|1863|F55904E5-E71C-E0E9-46EA-4E6D9C5BC1A5|5|7
01/24/20|3EE56583-CC01-9CC6-E0FF-A3372F20707B|3825|B2F3E130-F4C4-C614-866F-4BC6FC4F5543|2|4
01/27/20|94A87F91-4A7C-3675-A855-6A97D5A8A1ED|3082|1DE55370-B9D2-09B4-F428-FF3DD16ADC17|3|9
01/27/20|B3352831-DEF7-716D-2091-A669399B3229|1046|9AD2988C-069B-BDDB-52F0-52777E2D703E|4|9
01/05/20|C02FA217-5B9B-B055-7ABC-4A60A4450B3A|2482|89B8970E-6242-F826-FD12-5067447DC113|2|9
01/20/20|1C0241E3-6544-2043-8CD3-9EB146849579|3629|4634ACEB-16E8-474B-AB05-34B9ED3D6724|5|8
01/27/20|2D5A1C96-7581-797A-2DED-8F500FEEB24B|1076|F8FF8559-7CA4-1BDD-2C67-5EE52BC5E6E1|1|2
01/03/20|42A0D488-216E-B1B1-7EA3-10C3E9AAA38C|2372|FFDF798F-D14F-06E9-328E-D49F8E74BF1C|1|3
01/26/20|789342F2-B9DA-DB03-32FF-917572F70B57|2289|AEBFDF6D-2C1B-6DB6-7CFB-9C25C5427719|1|9
01/28/20|B3769F23-9B38-A1E9-4D99-8CA09E241BA3|3150|65EEC448-0C76-F8FE-0F1E-98454824C232|6|7
01/18/20|D96A8C37-CAB9-989A-AB1D-6D54963465CB|2998|96ACBD39-06CF-426B-B27C-93B5A7383073|3|3
01/19/20|4D4892F0-053F-278A-AECE-28D63666545D|3876|181A5F7D-91E0-239A-5141-F1E958220B7F|6|7
01/10/20|D4FDCEF4-49B9-50B3-5E1A-9E398465C7FE|3716|80D5DF24-3A78-CD58-2EC8-DE47624DBF35|2|1
01/25/20|380DF7E2-90AA-BF4A-522F-07C4EF30C735|2913|D2E2B6A6-A3B4-A8FB-3AD6-DF4131704672|1|6
01/06/20|86DD97E0-4C31-A2E8-9FDA-D540007C2DA2|2377|3FE7CBA3-A714-02A2-2B6B-8512FF5B838F|1|2
01/07/20|5E78F221-0BFD-62BB-DB55-7D2014301A3D|1050|2A4617E7-65DE-5D96-5998-5C7EECAEBAE6|1|9
01/22/20|2C8088AB-FCE3-61DA-3E2F-365809786AD3|2244|62F58334-ED88-30DE-39FB-1055603719C3|5|4
01/19/20|6B5FF717-612C-090F-E226-1CDBA7A7D343|2122|3FC59480-9FD1-C62F-9636-35BEF0142665|5|4
01/03/20|89B21DA2-2C6A-7B23-46FF-8251BC067628|2510|2EAFBF00-4384-2417-B21C-4C411AA157DF|5|3
01/04/20|E5B65BBB-ADAF-DEC4-5D02-C27E823A69BD|1693|EBDF3C85-F93F-FD24-F261-8CB3DD8CB5B3|2|3
01/23/20|EF073643-F40B-83BB-8EE7-F34E891B6FC1|2183|89B8970E-6242-F826-FD12-5067447DC113|2|10
01/01/20|B172B6C6-3EBC-53C0-EDDE-3153C34A0950|1202|F5A2E7EE-630D-2828-EF78-F32F9722DF84|1|7
01/28/20|E1DEC3C7-C359-DB80-1E19-F758319A8F5A|1958|993536D8-2899-2F2E-B77D-8D369D5B6AC2|4|7
01/31/20|22717DE3-97FD-38F8-31BF-092CD1159030|3917|2487C978-B2E0-B791-950E-35F515E44501|1|8
01/22/20|055BAFB5-32C1-883D-EED4-2BB5D1FCE53A|3318|5DFE8084-2393-452C-5C5C-A764DECBC427|6|6
01/24/20|28930E26-9099-0829-D2E2-90A196A74166|2531|3FE7CBA3-A714-02A2-2B6B-8512FF5B838F|1|8
01/25/20|0B92431A-246A-7678-4BB4-307CB609CB1E|2861|0BF9DC0F-1A83-5564-B14E-C9C039A3C965|2|4
01/24/20|0B8549D0-9BE3-C33C-34A7-057019B113EB|3944|707D229E-C40F-3224-8A52-0A32ED6E5D5A|5|6
01/17/20|8E5A467A-1C7A-6A90-0916-7A065E832612|2383|F40E33C5-AAB1-69E7-F5F1-85B907A2FA9F|3|4
01/04/20|B93B6561-ADA7-09EE-3AD8-F2F4C7B73462|2154|56AD736B-FEF1-9A3C-7CBB-7648CA40656E|3|1
01/19/20|8D893131-1132-B5AD-FEA4-92C89C46E6D3|3018|FBDCB57A-0EA3-7853-C41C-E3DD772E5A4E|4|1
01/02/20|71995717-642F-1C4A-9CA2-6F59554D0322|3780|45FCCB84-9780-5102-D4BB-0254C6A62221|2|10
01/16/20|1673EB89-0AD4-397A-6497-300F07240AB3|3290|9051635F-24C4-59F6-4B33-8F178B567AA2|5|3
01/30/20|FBE4A15E-6562-381F-D632-1D937C48FE4A|1500|F9F6B7A5-3091-62F6-9FDB-F13EA3434232|4|1
01/15/20|6949A3CC-C16D-885D-89B5-3E9DE1178E5C|2765|042FB420-7CFB-7F19-9830-9EBF4D5783CB|3|6
01/22/20|B95858B9-CAA6-D2B7-055A-84DD41C421F7|3013|FE664049-8984-1A85-AEC4-0DB62FB4F218|6|8
01/29/20|54480107-C3E6-632F-D0D9-D3E0907378B2|2803|FDE6F888-9F93-7CDD-79FA-FA55BC3D0AE6|5|7
01/03/20|CF42D1C8-BCF3-B193-DB1A-4F1A37C84BDE|2875|95FA3E56-0467-9C98-BB8D-04C9E3F41291|3|4
01/14/20|DEECC94C-D94E-BAAC-C84D-9B897DF737BD|1591|2909FC49-F0F7-CFFE-7764-2E0EC9F998B9|1|3
01/06/20|C41EE467-BEBC-29B8-5BB1-E78434CEFB37|2045|4125542C-0CD3-313A-6667-58220E4A3BCD|6|3
01/27/20|BED38563-B070-FB97-CCBF-01803017EED2|3523|0653C650-C6A2-8A04-D0D1-3894AFDC4352|1|6
01/21/20|F7485E80-5CDE-F0FA-CB8C-E75AF3440340|1673|E0B6243C-E0DF-30AB-95BE-E47D9A3363CA|3|1
01/18/20|DAFDF2E5-EED0-5EF1-B97F-76FC1C821BE4|1745|913C95C3-996F-B5AB-77F4-9B6353FF7467|2|7
01/04/20|84F492D4-9256-FFC3-DE04-FD3C195B93B0|1717|4634ACEB-16E8-474B-AB05-34B9ED3D6724|4|6
01/27/20|433A0C90-7C9E-1DFE-95D5-0868F0AFF9BF|3782|20442531-C845-EDE0-7B51-54D85C51EB3B|5|5
01/03/20|2B5865B6-51C7-B12B-32EC-EDB59198F97C|3050|F6005C1C-0075-BCD0-1B06-B581BE4EFFAC|6|5
01/08/20|8AF8EF61-65FE-3C53-FC3B-0DC7DA353A1C|3874|A42C2B18-FA37-0750-878F-B9F84EEDCAD0|2|8
01/10/20|E15754F2-10AA-E80D-542F-3C13270A81B2|2646|26C4852B-2619-9951-CA94-D0FC547CEBC1|5|2
01/17/20|2405AEEB-2D5E-9D9E-6989-49FED806D762|1117|99FB803C-F1B9-D5F3-6F08-E774E71A2395|5|7
01/02/20|F41CE08D-DEDB-2167-A767-6CAD7C09DBEA|2023|AD4CF58A-FA71-2944-43B2-44F8D79C5240|2|5
01/25/20|A7DE233A-EED1-7E9E-1809-CFE781E67A2B|1501|514874A2-9AF8-94C6-4F53-58A4B3D88107|2|2
01/24/20|D79D73A2-2387-936D-48CA-0DA13C70F1B8|1157|A89347EF-37E5-C998-F117-6110047596D9|1|5
01/25/20|E51EBB44-F6B4-4F32-2F48-2F19D2B18B13|3605|BDBB7415-7184-0DC0-9412-38A822B4EBD5|5|6
01/14/20|2DE58D0B-FE66-9EAC-45B6-513BF7C243AC|1481|139A4CA3-8CDE-9B92-8118-B8E206466ECB|5|6
01/21/20|D0537669-B306-0D4B-742B-578D75BDF06E|1795|0E52217C-EAD8-6204-5652-E30034AB13A5|5|3
01/23/20|B3339362-1C0C-0817-FCA5-D14245B54056|1232|6D33D2BD-0BFD-32D6-D1BC-4E5C9A79CCCA|2|1
01/03/20|83C2E035-EF9B-D412-F132-B43ED052502A|3409|858BCCAC-BB39-5D41-3367-E30673995115|2|5
01/21/20|F1D93399-D866-A8E2-BD84-890BE7825BD5|2645|8D29676E-1802-C86B-3DC9-0C280CD9A58E|3|6
01/30/20|A03D1C07-178B-00B1-3705-2B2FD3DC6216|3969|8927F3BC-A5E0-5347-C242-35BEBA242E18|6|4
01/19/20|3B5B70F9-68B1-D636-4B00-86A99AA9DBAD|2198|D738C5DA-762E-3BEF-364C-0DF0894A4A40|3|10
01/01/20|DF1E0063-EF27-027A-3EF6-517C2F68D6BD|3816|60629788-068F-B7B4-C49C-6C0DFB693A43|3|8
01/07/20|D676F7D4-0548-78B1-D1BC-01A1CB0AEE9D|2463|E71BD079-B42D-578F-F2BD-9DFA1A6EB3B0|2|9
01/04/20|AD85B5D3-97B0-A277-26EA-79437B701C20|2332|1014C06D-ECDF-B669-FC90-E45BA3B03044|2|7
01/21/20|618619A4-16FA-E272-19AE-68F1B1E3FF8A|3424|2E342FB7-1CFE-0427-AAD1-8E816D0D92BC|6|6
01/02/20|61BEAD7B-D27F-97A0-C8C2-E3EE2750D53E|3302|05C0FF97-E914-3647-A7C9-503B67A8F38D|6|2
01/28/20|FC585579-0C41-64A3-B0F3-13254B13253A|2125|BA2A87AC-411F-ACD0-0372-0E4505762AE6|4|5
01/24/20|BCA05132-A069-6480-8F0E-E19A76F811D6|2107|2B0AABDF-F0B3-A605-0D05-F0DDF4D58746|3|4
01/06/20|9B5CB920-1C5B-E780-6247-81B0F3574C0D|2245|64778BC6-D6A9-4096-384E-DD2623EED614|6|10
01/01/20|C2CC5637-12D4-8E9E-E37C-A087ED554635|3557|953E0172-CEDB-8493-4F0E-BA54E4C75DF6|6|8
01/12/20|1A82339E-CCCD-DA9E-5879-FFD120D85EF4|2907|8582929E-967D-3195-3E80-EA91C2D566C3|1|9
01/22/20|3FAC8252-F6FF-18EC-D0B8-67AE6E7773EE|1147|0687CF01-5014-3FE5-6DFB-07D8472968DE|2|10
01/07/20|B05149F1-D7C5-FD63-883D-4F0C93065AEF|2653|B5B9C558-E8BB-3558-B227-AEDCCB09BF76|1|8
01/03/20|5218779F-44BD-63F5-F433-1B6F10B86FBC|1826|0034244F-9038-3BB4-2EBE-83E160F01F53|5|9
01/19/20|F89D1E28-05C8-B9CE-128B-CC21B4517E48|1696|BC04C147-D8DF-6B3C-8BE7-468BDFCC5ADC|5|3
01/28/20|E69492F8-F5B0-E4D4-6100-C8CA628143E7|1714|E0F94A64-45A9-A473-68C7-FA67F1E5E789|2|8
01/03/20|F6728A95-5C05-8CCB-5233-979E56D071CE|1027|3FBB6BB7-8C65-B588-E89E-781E6E113A64|2|9
01/01/20|63748E27-9360-DEF7-90C0-6850BCE483BB|1826|664134AE-22FE-DA1F-2D02-4A98252A0B09|3|1
01/28/20|F2D348B4-6FED-3C54-2493-3944A2270D53|2571|2E7D6438-2065-F876-2BE8-05CC6B0F85BD|6|5
01/24/20|3799468F-17FC-2E21-F5B6-1852039E8CDB|3793|1E2BBA25-12FD-18D4-841A-B0C07919C077|1|1
01/09/20|6502CACE-5EDA-385B-64EB-D900768065E2|2646|D17AECD9-4136-8511-395D-A780AE2EED74|5|2
01/20/20|7B4F5B87-EBD9-52A9-78BF-15CE66A50E83|1741|08E5E5A9-DCFD-E842-0E35-F3FC9981C44B|5|5
01/18/20|CEAF2F1B-0447-28F8-FD1B-7AA8F44B50D2|1722|139A4CA3-8CDE-9B92-8118-B8E206466ECB|4|8
01/05/20|DDB24A04-4E49-D557-E3F2-69D77F57F4C6|1746|3FE25AB5-3CA0-9436-325C-EEA13659BB57|5|5
01/25/20|C80703ED-EF79-D4F7-A749-2362BD3CA626|1200|2FED9C74-F2EE-A69B-2271-AC909F10B040|2|5
01/20/20|7904A37C-95F4-D437-D4DF-4227D5ED6469|3399|D069EC44-26E4-833D-21D9-CD46D8138816|4|1