survey_id,call_id,score
36340,24473987,1
36364,24474880,1
36412,24476896,1
36580,24476010,1
36676,24475932,1
36684,24474227,1
36756,24476715,1
36780,24476365,1
36852,24473919,1
36860,24474718,1
36924,24474440,1
36940,24474275,1
37052,24476107,1
37068,24475641,1
37100,24477055,1
37292,24475124,1
37356,24475551,1
37444,24476949,1
37516,24476465,1
37548,24476457,1
37612,24476925,1
37652,24476057,1
37756,24475120,1
37852,24475978,1
37868,24477403,1
37916,24476598,1
37948,24476840,1
38076,24477576,1
38084,24474509,1
38276,24477599,1
38316,24476670,1
38476,24477583,1
38572,24475908,1
38580,24473971,1
38612,24477672,1
38636,24474650,1
38676,24474188,1
38852,24477373,1
38964,24477519,1
39116,24475304,1
39188,24475631,1
39252,24475573,1
39316,24474800,1
39404,24474945,1
39516,24477316,1
39556,24475664,1
39628,24476574,1
39732,24474685,1
39740,24477352,1
39868,24476620,1
39940,24475540,1
39972,24477153,1
40012,24476240,1
40076,24476122,1
40100,24476110,1
40204,24476964,1
40396,24476395,1
40476,24477248,1
40532,24476990,1
40540,24475888,1
40660,24476150,1
40668,24476434,1
40692,24476984,1
40716,24473958,1
40836,24477582,1
40892,24475514,1
40964,24476748,1
40980,24474557,1
41084,24475813,1
41364,24475658,1
41604,24477346,1
41652,24477607,1
41700,24476816,1
41796,24477217,1
41804,24474533,1
41900,24475416,1
41908,24476176,1
41924,24477091,1
41964,24477395,1
42036,24475866,1
42044,24475536,1
42092,24476569,1
42220,24475318,1
42332,24476360,1
42404,24477612,1
42460,24475111,1
42484,24475363,1
42668,24474029,1
42748,24474972,1
42772,24477295,1
42788,24477111,1
42860,24475289,1
42892,24474090,1
42900,24474782,1
43012,24475839,1
43204,24477397,1
43276,24477175,1
43300,24477145,1
43604,24476822,1
43612,24475297,1
43644,24474864,1
43828,24477548,1
43932,24474734,1
43964,24477068,1
44052,24475580,1
44100,24474093,1
44116,24475781,1
44212,24477441,1
44220,24477066,1
44252,24474381,1
44348,24475382,1
44540,24474014,1
44572,24474729,1
44628,24475409,1
44820,24474708,1
44892,24474192,1
44924,24475922,1
44956,24474994,1
44988,24474744,1
45004,24474722,1
45060,24475334,1
45108,24476708,1
45340,24475502,1
45372,24477572,1
45428,24477098,1
45468,24476196,1
45524,24475483,1
45564,24477542,1
45644,24477453,1
45660,24473886,1
45852,24474177,1
45868,24477083,1
45900,24476381,1
46012,24475397,1
46116,24475877,1
46244,24477504,1
46260,24477007,1
46348,24476602,1
46452,24475816,1
46540,24474764,1
46548,24476167,1
46628,24477274,1
46636,24473917,1
46796,24474215,1
46956,24475468,1
47236,24476020,1
47356,24477021,1
47468,24477420,1
47612,24476992,1
47668,24474883,1
47780,24477598,1
47820,24475954,1
47836,24474481,1
47884,24477271,1
47996,24477282,1
48020,24474229,1
48068,24476394,1
48076,24476401,1
48164,24474033,1
48204,24476056,1
48252,24477075,1
48396,24477617,1
48476,24475446,1
48564,24474814,1
48716,24476838,1
48732,24477322,1
48820,24477281,1
48908,24477502,1
48932,24475696,1
48956,24474328,1
49116,24477041,1
49332,24474091,1
49356,24474330,1
49364,24476563,1
49372,24475183,1
49412,24476507,1
49428,24475661,1
49500,24477610,1
49564,24474165,1
49684,24476697,1
49692,24476744,1
50044,24475180,1
50132,24475861,1
50172,24477036,1
50316,24475956,1
50372,24476630,1
50380,24475332,1
50524,24474840,1
50532,24474562,1
50588,24475843,1
50724,24476965,1
50764,24474569,1
50796,24474539,1
50956,24476551,1
51028,24477482,1
51076,24475213,1
51236,24475142,1
51252,24473924,1
51372,24474080,1
51484,24475687,1
51604,24474589,1
51884,24475995,1
52036,24476704,1
52076,24475591,1
52132,24474265,1
52164,24474439,1
52172,24477130,1
52188,24474253,1
52212,24474210,1
52332,24476448,1
52452,24474399,1
52548,24477026,1
52564,24477238,1
52604,24475108,1
52620,24474868,1
52628,24474382,1
52796,24476956,1
52964,24477261,1
53164,24476652,1
53212,24476656,1
53356,24477225,1
53484,24476522,1
53548,24477039,1
53596,24475112,1
53628,24477191,1
53636,24474411,1
53652,24474907,1
53772,24474494,1
53804,24477122,1
53908,24475015,1
54196,24474446,1
54308,24476909,1
54356,24475192,1
54812,24477194,1
55060,24474380,1
55132,24476539,1
55180,24476981,1
55396,24475919,1
55420,24476971,1
55436,24474962,1
55484,24473872,1
55636,24476242,1
55780,24476812,1
55788,24474477,1
55796,24475405,1
55812,24476624,1
55828,24476501,1
55860,24475435,1
55892,24475288,1
55996,24474031,1
56020,24477394,1
56068,24474910,1
56108,24475997,1
56212,24475368,1
56236,24475955,1
56244,24473861,1
56292,24477167,1
56364,24476935,1
56492,24474467,1
56524,24477445,1
56652,24475354,1
56708,24477566,1
56764,24475049,1
56884,24474810,1
57044,24477051,1
57076,24474470,1
57084,24477022,1
57308,24477587,1
57316,24476808,1
57372,24473863,1
57436,24473918,1
57580,24476124,1
57844,24474848,1
57980,24476803,1
57996,24476902,1
58012,24476504,1
58116,24476510,1
58316,24475047,1
58404,24476972,1
58484,24473909,1
58588,24473959,1
58644,24474847,1
58708,24475338,1
58724,24474441,1
58740,24476593,1
58772,24476607,1
59004,24473889,1
59036,24476520,1
59100,24473936,1
59212,24475490,1
59316,24476903,1
59396,24474134,1
59412,24474193,1
59420,24476924,1
59556,24474876,1
59564,24476446,1
36596,24476856,2
36716,24477275,2
36844,24474488,2
36876,24476523,2
36972,24477185,2
37004,24477208,2
37148,24477433,2
37340,24476885,2
37348,24474756,2
37460,24476618,2
37556,24474520,2
37668,24476843,2
37996,24475685,2
38020,24475937,2
38044,24473878,2
38196,24474288,2
38324,24475374,2
38404,24476251,2
38412,24476809,2
38460,24474202,2
38532,24474732,2
38588,24477390,2
38628,24476353,2
38652,24476712,2
38684,24474882,2
38724,24474185,2
38732,24477227,2
38764,24477209,2
38796,24474684,2
38804,24474114,2
38820,24477147,2
39108,24473916,2
39196,24477293,2
39212,24476751,2
39260,24475473,2
39428,24476837,2
39444,24474615,2
39468,24473923,2
39700,24476403,2
39756,24474154,2
39804,24476466,2
39844,24474806,2
39908,24474505,2
39956,24476897,2
40052,24477532,2
40124,24476930,2
40244,24477289,2
40284,24477408,2
40308,24474604,2
40524,24473974,2
40580,24474295,2
40628,24474556,2
40684,24476666,2
40828,24475845,2
40852,24477475,2
40948,24476303,2
40972,24475178,2
41092,24474401,2
41180,24474418,2
41316,24474075,2
41380,24476895,2
41436,24475313,2
41580,24474237,2
41660,24476151,2
41860,24476878,2
41940,24476948,2
41956,24474321,2
42124,24477126,2
42148,24477628,2
42156,24477654,2
42164,24475528,2
42204,24476836,2
42260,24475061,2
42268,24476322,2
42444,24474678,2
42556,24474369,2
42580,24476168,2
42604,24474856,2
42660,24476435,2
42804,24474333,2
42908,24474241,2
42996,24474588,2
43036,24473931,2
43060,24477616,2
43092,24473993,2
43180,24475245,2
43236,24474619,2
43372,24476599,2
43740,24476270,2
43900,24477009,2
43980,24474958,2
44108,24476368,2
44124,24477377,2
44132,24477179,2
44172,24476157,2
44284,24477486,2
44324,24474741,2
44372,24476398,2
44476,24475358,2
44484,24474055,2
44668,24475149,2
44788,24475135,2
44812,24475938,2
44876,24475477,2
45116,24475174,2
45156,24475205,2
45212,24477333,2
45252,24475530,2
45308,24475296,2
45364,24477629,2
45388,24474971,2
45604,24474008,2
45676,24477492,2
45700,24474493,2
45828,24477437,2
45932,24475915,2
46092,24474443,2
46108,24477291,2
46212,24474459,2
46372,24477410,2
46580,24477401,2
46708,24475735,2
46748,24474304,2
46820,24477499,2
46844,24477496,2
46868,24474334,2
46932,24476178,2
46996,24477391,2
47124,24475110,2
47316,24476222,2
47324,24475256,2
47420,24475909,2
47636,24475953,2
47788,24477547,2
47860,24475203,2
47932,24476147,2
48340,24477595,2
48380,24474412,2
48436,24474120,2
48500,24477458,2
48540,24475889,2
48548,24475144,2
48604,24477348,2
48612,24475157,2
48708,24477546,2
48844,24477656,2
49092,24476882,2
49180,24477109,2
49252,24475508,2
49340,24475986,2
49524,24475058,2
49596,24474853,2
49660,24475946,2
49756,24476228,2
49788,24476179,2
49940,24477017,2
50068,24475841,2
50092,24475179,2
50116,24477266,2
50292,24476521,2
50308,24476762,2
50332,24475228,2
50348,24476698,2
50412,24477641,2
50460,24476689,2
50596,24475559,2
50716,24476651,2
50852,24476472,2
51092,24474591,2
51108,24477589,2
51140,24474740,2
51156,24474720,2
51244,24474280,2
51340,24476772,2
51388,24474835,2
51428,24474961,2
51668,24476807,2
51860,24474843,2
51908,24477624,2
51948,24477472,2
51956,24476502,2
51964,24477272,2
52012,24473952,2
52092,24477269,2
52284,24476969,2
52356,24474363,2
52364,24475682,2
52412,24477319,2
52436,24474581,2
52444,24475193,2
52460,24477533,2
52580,24474419,2
52644,24475684,2
52684,24477323,2
52836,24475007,2
53076,24477633,2
53196,24476545,2
53220,24474449,2
53324,24475474,2
53428,24475707,2
53532,24477488,2
53684,24476876,2
53708,24477309,2
53844,24477450,2
53900,24475755,2
53916,24477059,2
53940,24475018,2
54068,24475146,2
54180,24475316,2
54236,24473989,2
54244,24475306,2
54388,24476238,2
54436,24474991,2
54484,24475964,2
54516,24475623,2
54548,24475158,2
54580,24475549,2
54604,24476468,2
54620,24474357,2
54740,24475805,2
54956,24474530,2
55004,24477661,2
55020,24474415,2
55124,24474337,2
55316,24476488,2
55332,24475243,2
55380,24475574,2
55428,24475438,2
55740,24474164,2
55756,24474487,2
55884,24475185,2
55916,24475336,2
55964,24477123,2
56188,24477432,2
56252,24474179,2
56260,24476396,2
56444,24476800,2
56452,24475972,2
56548,24475244,2
56564,24474024,2
56676,24474661,2
56700,24477129,2
56804,24476039,2
56924,24474689,2
57020,24475470,2
57124,24474130,2
57164,24475561,2
57172,24476850,2
57324,24475122,2
57468,24474929,2
57532,24474110,2
57588,24476669,2
57668,24477645,2
57740,24474624,2
57852,24475103,2
57884,24474988,2
57956,24474798,2
58036,24474504,2
58092,24476527,2
58148,24476898,2
58308,24474622,2
58436,24474508,2
58460,24475770,2
58468,24475207,2
58524,24476342,2
58540,24475119,2
58604,24476514,2
58612,24477531,2
58892,24477081,2
58956,24474723,2
58988,24474017,2
59108,24473963,2
59188,24476952,2
59244,24477212,2
59260,24476998,2
59300,24476813,2
59340,24475751,2
59548,24475864,2
36308,24475026,3
36404,24475844,3
36612,24474821,3
36948,24476074,3
37084,24477577,3
37108,24475941,3
37324,24476550,3
37364,24476672,3
37412,24477251,3
37428,24475552,3
37524,24477435,3
37676,24476307,3
37732,24476212,3
37764,24474870,3
37780,24475901,3
37892,24475208,3
37908,24474610,3
38012,24476173,3
38204,24474795,3
38252,24474246,3
38356,24474699,3
38548,24473978,3
38692,24476358,3
38700,24475803,3
38716,24476034,3
38812,24475771,3
38908,24476372,3
38916,24474454,3
38932,24476780,3
38988,24474499,3
39004,24476072,3
39028,24476442,3
39076,24474060,3
39276,24475379,3
39292,24474829,3
39308,24474307,3
39388,24477297,3
39500,24474922,3
39524,24476804,3
39604,24477236,3
39620,24475874,3
39876,24474042,3
39892,24477233,3
39924,24476460,3
40020,24477501,3
40068,24476199,3
40180,24474350,3
40268,24477279,3
40404,24477485,3
40436,24474319,3
40556,24475487,3
40804,24477368,3
40844,24474730,3
40900,24474182,3
41020,24476685,3
41220,24474844,3
41268,24476366,3
41356,24474686,3
41372,24474083,3
41404,24475491,3
41452,24474511,3
41476,24477455,3
41628,24476427,3
41636,24475583,3
41724,24475510,3
41772,24474117,3
41852,24477411,3
41892,24474285,3
41988,24475657,3
42004,24474310,3
42084,24476363,3
42140,24476899,3
42292,24476749,3
42340,24477108,3
42364,24476091,3
42476,24477273,3
42492,24474751,3
42500,24477027,3
42540,24475399,3
42636,24476571,3
42652,24474594,3
42980,24475535,3
43132,24475282,3
43140,24474668,3
43148,24477513,3
43196,24474384,3
43356,24476021,3
43380,24474777,3
43444,24477211,3
43452,24474693,3
43476,24476677,3
43628,24477050,3
43764,24477244,3
43772,24475128,3
43860,24475292,3
44260,24474426,3
44428,24477345,3
44692,24475538,3
44828,24476482,3
44860,24474568,3
44948,24475033,3
45028,24475201,3
45084,24475460,3
45092,24474349,3
45100,24476467,3
45196,24477655,3
45284,24475537,3
45500,24476995,3
45924,24477019,3
45948,24477070,3
46076,24476864,3
46124,24473982,3
46172,24474224,3
46252,24475740,3
46340,24477120,3
46388,24475479,3
46500,24474452,3
46756,24474279,3
46788,24475792,3
46804,24476253,3
46852,24476737,3
46948,24475414,3
46964,24476817,3
46980,24476525,3
47020,24474245,3
47036,24474995,3
47060,24474583,3
47132,24474965,3
47148,24477671,3
47276,24475113,3
47292,24474512,3
47332,24474016,3
47412,24476454,3
47524,24473951,3
47548,24477479,3
47876,24474410,3
47980,24475257,3
48156,24474089,3
48356,24476699,3
48452,24475239,3
48460,24475295,3
48532,24476799,3
48676,24473966,3
48692,24476018,3
48700,24476594,3
48748,24475729,3
48996,24475412,3
49020,24477259,3
49044,24476481,3
49156,24474387,3
49188,24477380,3
49244,24475455,3
49436,24476747,3
49532,24474763,3
49548,24474425,3
49636,24474849,3
49700,24474937,3
49804,24474669,3
49860,24476469,3
49868,24474553,3
50028,24474126,3
50084,24477428,3
50156,24476910,3
50228,24476209,3
50252,24474913,3
50284,24474983,3
50340,24475276,3
50476,24477232,3
50484,24475575,3
50644,24477550,3
50668,24474296,3
50996,24476576,3
51276,24474757,3
51300,24475873,3
51348,24477473,3
51524,24474385,3
51684,24476763,3
51716,24475307,3
51820,24476413,3
51916,24475935,3
52116,24477242,3
52180,24475406,3
52196,24473853,3
52204,24474804,3
52268,24476166,3
52388,24476865,3
53012,24476206,3
53020,24475719,3
53044,24474606,3
53092,24473873,3
53100,24473876,3
53148,24476361,3
53420,24476000,3
53556,24477186,3
53892,24474974,3
54148,24477597,3
54276,24477379,3
54292,24474524,3
54468,24476310,3
54564,24474982,3
54588,24474884,3
54668,24474667,3
54684,24474036,3
54724,24476505,3
54772,24476497,3
54868,24473875,3
54892,24474281,3
54964,24475710,3
55068,24476915,3
55188,24476961,3
55276,24477556,3
55324,24476658,3
55348,24474842,3
55356,24475159,3
55468,24477578,3
55588,24477035,3
55620,24473908,3
55644,24475056,3
55684,24475638,3
55716,24474417,3
55900,24477067,3
55932,24474489,3
55940,24474587,3
56324,24475273,3
56380,24477156,3
56412,24474299,3
56436,24475809,3
56508,24474727,3
56540,24476713,3
56556,24476782,3
56732,24477613,3
56836,24476117,3
57036,24475924,3
57116,24477213,3
57188,24475280,3
57244,24474895,3
57276,24476040,3
57332,24477240,3
57460,24474749,3
57540,24476783,3
57652,24475746,3
57732,24475532,3
57788,24477454,3
57940,24475911,3
58108,24473907,3
58132,24477077,3
58180,24474862,3
58324,24474811,3
58516,24474342,3
58548,24473915,3
58788,24475182,3
58804,24477146,3
58924,24474516,3
58932,24473912,3
59132,24475613,3
59284,24476996,3
59292,24474658,3
59332,24476683,3
59364,24476516,3
59436,24476187,3
59492,24475860,3
59524,24475465,3
36292,24474717,4
36348,24474220,4
36524,24474781,4
36700,24475062,4
36708,24476351,4
36748,24474463,4
36788,24476134,4
36828,24475512,4
36892,24476829,4
36900,24474341,4
36956,24476921,4
36988,24476892,4
36996,24477127,4
37092,24477339,4
37132,24474108,4
37180,24474057,4
37212,24474284,4
37220,24476443,4
37228,24476869,4
37300,24474252,4
37396,24475895,4
37404,24477375,4
37468,24474364,4
37476,24476191,4
37484,24474151,4
37572,24474430,4
37716,24475494,4
37796,24476638,4
37884,24476409,4
38028,24476298,4
38052,24475189,4
38116,24476156,4
38148,24476717,4
38156,24475553,4
38172,24475197,4
38220,24476619,4
38236,24474019,4
38244,24474564,4
38300,24475647,4
38340,24476796,4
38420,24475308,4
38516,24475944,4
38620,24476566,4
38740,24474558,4
38772,24474518,4
38828,24475619,4
38836,24474513,4
38860,24476810,4
38876,24474815,4
38892,24477181,4
38948,24477351,4
38956,24475720,4
38972,24477423,4
39020,24476210,4
39036,24474254,4
39068,24474478,4
39124,24476184,4
39220,24476873,4
39228,24474269,4
39236,24476066,4
39244,24474484,4
39284,24474458,4
39356,24476722,4
39412,24476061,4
39420,24474640,4
39460,24475413,4
39564,24474323,4
39580,24475170,4
39676,24477116,4
39692,24474706,4
39708,24475659,4
39772,24475381,4
39852,24476888,4
39900,24474273,4
39932,24475281,4
39988,24477593,4
39996,24476893,4
40140,24475732,4
40188,24476349,4
40212,24474952,4
40276,24477442,4
40364,24476170,4
40388,24476738,4
40420,24477643,4
40500,24474918,4
40604,24474690,4
40772,24477141,4
40820,24476218,4
40868,24474791,4
40884,24476778,4
40908,24474270,4
40932,24477438,4
40956,24474728,4
40996,24474787,4
41012,24477097,4
41036,24474235,4
41100,24474072,4
41148,24476203,4
41212,24474819,4
41228,24474128,4
41252,24476926,4
41300,24474641,4
41332,24476642,4
41428,24476252,4
41444,24476872,4
41484,24475148,4
41492,24476659,4
41516,24475893,4
41612,24476389,4
41716,24476743,4
41748,24475422,4
42012,24474139,4
42108,24474766,4
42228,24474548,4
42236,24473940,4
42412,24474608,4
42452,24476631,4
42516,24475988,4
42700,24477054,4
42756,24475614,4
42812,24474359,4
42820,24474243,4
42836,24477584,4
42844,24475462,4
42852,24475269,4
42916,24477218,4
42940,24476770,4
42948,24474642,4
42964,24475388,4
42972,24477092,4
43028,24475154,4
43068,24476440,4
43076,24476494,4
43164,24473870,4
43228,24475492,4
43284,24474832,4
43292,24474313,4
43396,24477324,4
43436,24476529,4
43460,24477343,4
43484,24477347,4
43500,24474001,4
43564,24477013,4
43580,24473851,4
43756,24477440,4
43780,24475052,4
43804,24476100,4
43892,24477378,4
44012,24474034,4
44060,24475677,4
44076,24475920,4
44140,24476352,4
44156,24476362,4
44204,24477078,4
44356,24474346,4
44364,24476601,4
44404,24477434,4
44468,24477294,4
44548,24476541,4
44588,24476256,4
44612,24476636,4
44636,24476036,4
44652,24475325,4
44740,24475072,4
44772,24476473,4
44836,24477606,4
44844,24475925,4
44852,24474047,4
44964,24477349,4
45036,24474007,4
45140,24475560,4
45148,24475023,4
45180,24476421,4
45244,24475667,4
45260,24475361,4
45268,24474973,4
45292,24475339,4
45540,24473849,4
45596,24474261,4
45636,24474646,4
45652,24474600,4
45668,24475403,4
45692,24475187,4
45724,24473968,4
45732,24475337,4
45748,24474957,4
45764,24474142,4
45788,24476121,4
45820,24475637,4
45908,24476887,4
45940,24474623,4
45956,24475464,4
45972,24475772,4
45980,24475971,4
46028,24475775,4
46036,24477264,4
46140,24474249,4
46276,24476863,4
46492,24476103,4
46556,24474322,4
46780,24475123,4
46836,24477393,4
46860,24476022,4
47004,24476678,4
47068,24475362,4
47092,24477143,4
47116,24475098,4
47156,24475867,4
47164,24474762,4
47172,24477034,4
47220,24474695,4
47508,24476830,4
47516,24474335,4
47572,24475804,4
47644,24474836,4
47652,24477626,4
47724,24474044,4
47740,24476378,4
47796,24476004,4
47900,24476987,4
47908,24474010,4
47964,24474413,4
48012,24476293,4
48052,24474846,4
48116,24475902,4
48196,24477214,4
48212,24476632,4
48236,24475731,4
48260,24474101,4
48268,24476668,4
48276,24477154,4
48292,24475331,4
48332,24474162,4
48388,24474250,4
48404,24475302,4
48428,24475896,4
48580,24477142,4
48596,24477652,4
48636,24476637,4
48740,24475818,4
48756,24475274,4
48780,24475349,4
48812,24476422,4
48884,24476299,4
48916,24476231,4
48940,24474596,4
48972,24475199,4
49036,24477367,4
49124,24475557,4
49132,24474099,4
49220,24476411,4
49228,24475466,4
49292,24475246,4
49396,24475005,4
49516,24476130,4
49620,24477229,4
49644,24475082,4
49652,24474445,4
49748,24477197,4
49812,24474881,4
49820,24474297,4
49828,24475663,4
49844,24474421,4
49884,24474176,4
49900,24475472,4
49988,24475709,4
50052,24474122,4
50148,24474515,4
50300,24474891,4
50324,24477299,4
50356,24475852,4
50396,24477312,4
50428,24474683,4
50500,24474673,4
50540,24475595,4
50548,24473902,4
50572,24474312,4
50580,24474076,4
50604,24475594,4
50612,24477032,4
50652,24475850,4
50660,24474127,4
50788,24474921,4
50804,24475584,4
50876,24477452,4
50900,24477283,4
50940,24477104,4
51004,24474468,4
51012,24475343,4
51044,24477573,4
51084,24476513,4
51100,24475950,4
51132,24475268,4
51204,24474694,4
51212,24476135,4
51220,24475101,4
51396,24476291,4
51468,24475233,4
51492,24476851,4
51644,24475498,4
51692,24477171,4
51708,24477203,4
51732,24477635,4
51764,24477015,4
51788,24476463,4
51828,24476359,4
51844,24476536,4
52020,24473860,4
52044,24475855,4
52060,24474145,4
52236,24476912,4
52244,24475766,4
52428,24476114,4
52468,24474803,4
52668,24477667,4
52676,24475669,4
52716,24476792,4
52724,24474239,4
52756,24474087,4
52852,24476294,4
52860,24474760,4
52900,24476724,4
52924,24477588,4
53052,24475340,4
53084,24476149,4
53116,24477521,4
53172,24476001,4
53188,24474954,4
53252,24475791,4
53292,24476410,4
53308,24476475,4
53388,24476709,4
53444,24476665,4
53492,24475652,4
53572,24475885,4
53604,24477148,4
53692,24475796,4
53724,24475872,4
53788,24475865,4
53932,24474825,4
53988,24477666,4
53996,24473913,4
54164,24476953,4
54332,24477193,4
54476,24476158,4
54596,24475496,4
54628,24475378,4
54692,24474414,4
54708,24475522,4
54764,24476606,4
54820,24475252,4
54908,24474595,4
54948,24476544,4
54980,24475418,4
54996,24476073,4
55044,24477072,4
55076,24475793,4
55092,24476335,4
55220,24473935,4
55300,24476944,4
55372,24477332,4
55388,24477113,4
55444,24477579,4
55476,24477522,4
55500,24477117,4
55516,24476412,4
55564,24475947,4
55572,24476647,4
55596,24477562,4
55652,24474833,4
55700,24474909,4
55708,24474450,4
55724,24477413,4
56060,24477138,4
56092,24477474,4
56132,24475794,4
56268,24474320,4
56276,24475973,4
56284,24474088,4
56316,24475529,4
56348,24477495,4
56428,24474748,4
56468,24475066,4
56604,24474020,4
56612,24474037,4
56636,24475093,4
56716,24476934,4
56740,24474607,4
56796,24474930,4
56820,24474550,4
56828,24475029,4
56860,24475365,4
56876,24477376,4
56940,24476042,4
57004,24474360,4
57052,24475242,4
57068,24473846,4
57092,24476943,4
57148,24473996,4
57260,24474598,4
57356,24475275,4
57412,24476560,4
57508,24476325,4
57620,24477190,4
57716,24477263,4
57772,24475225,4
57804,24476393,4
57812,24477341,4
57828,24475181,4
57892,24476549,4
57908,24475725,4
58020,24474225,4
58044,24476438,4
58172,24477280,4
58204,24477615,4
58356,24475429,4
58444,24475044,4
58492,24476706,4
58508,24475493,4
58620,24475686,4
58636,24475499,4
58660,24475642,4
58692,24477399,4
58732,24476043,4
58820,24476731,4
58828,24476282,4
58844,24476162,4
58868,24473994,4
58916,24476957,4
58964,24474576,4
58996,24474805,4
59044,24475227,4
59052,24476267,4
59068,24477139,4
59124,24474184,4
59156,24477406,4
59164,24477511,4
59204,24477675,4
59228,24475202,4
59324,24475672,4
59348,24475862,4
59372,24474495,4
59476,24477231,4
59484,24474118,4
36332,24476214,5
36380,24475810,5
36452,24476081,5
36516,24474807,5
36588,24477649,5
36628,24474767,5
36636,24475958,5
36772,24474770,5
36812,24476302,5
37060,24476430,5
37116,24474566,5
37124,24474062,5
37236,24476805,5
37372,24474183,5
37388,24476645,5
37452,24475500,5
37708,24473920,5
37900,24476524,5
37972,24476779,5
38180,24476437,5
38884,24475285,5
38980,24474309,5
39012,24476917,5
39324,24475263,5
39548,24477625,5
39588,24474077,5
39612,24477544,5
39636,24475131,5
39780,24474486,5
39796,24475969,5
39860,24477427,5
40508,24477134,5
40548,24474754,5
40572,24477414,5
41028,24473995,5
41044,24474861,5
41340,24476680,5
41540,24475524,5
41564,24474367,5
41620,24476907,5
41932,24474867,5
42172,24476891,5
42180,24475129,5
42188,24476250,5
42316,24477310,5
42396,24475286,5
42420,24477467,5
42428,24474298,5
42532,24475175,5
42596,24477096,5
42764,24473868,5
43340,24476456,5
43532,24476904,5
43588,24477580,5
43668,24475484,5
43676,24475728,5
43796,24477159,5
43836,24476886,5
44084,24476241,5
44092,24474951,5
44164,24476461,5
44380,24475639,5
44412,24475675,5
44492,24474100,5
44500,24477537,5
44532,24474672,5
44556,24476827,5
44564,24474863,5
44596,24475221,5
44660,24476958,5
44716,24474207,5
44764,24476533,5
45348,24477335,5
45452,24475191,5
45460,24477210,5
45484,24477063,5
45532,24474750,5
45548,24476633,5
45804,24475744,5
45844,24475212,5
45860,24476382,5
45884,24475437,5
45988,24476257,5
46084,24474068,5
46188,24475167,5
46356,24477639,5
46420,24476015,5
46460,24476597,5
46604,24477094,5
46732,24477254,5
46764,24477523,5
46924,24476077,5
47284,24475869,5
47372,24474234,5
47396,24477535,5
47444,24475912,5
47692,24473921,3
47804,24477169,3
47868,24476169,3
47916,24476069,3
47940,24474071,3
48084,24473859,3
48468,24473938,3
49052,24477497,3
49068,24474086,3
49284,24474028,3
49308,24476204,3
49316,24475747,3
49404,24476535,3
49444,24474824,3
49572,24476152,3
49580,24474436,3
49956,24475305,3
50012,24476265,3
50076,24476614,3
50204,24477004,3
50364,24477048,3
50884,24474828,3
50924,24476373,3
51308,24474045,3
51452,24476975,3
51572,24474416,3
51596,24473887,3
51940,24475398,3
51988,24475106,3
52276,24476777,3
52476,24475897,3
52516,24477353,5
52804,24475788,5
52820,24474434,5
52884,24475807,5
52908,24475933,5
52956,24474845,5
53036,24475253,5
53268,24477080,5
53332,24474799,5
53660,24476313,5
53740,24475636,5
53820,24477381,5
53828,24476055,5
53884,24475784,5
53924,24475346,5
54020,24476019,5
54044,24475817,5
54172,24475303,5
54300,24474538,5
54380,24475722,5
54396,24473892,5
54452,24476023,5
54540,24475985,5
54644,24477286,5
54788,24476259,5
55244,24477043,5
55412,24474214,5
55692,24474455,5
55908,24477538,5
55924,24477493,5
55948,24476483,5
55972,24477503,5
55988,24476908,5
56052,24475548,5
56084,24475767,5
56164,24474469,5
56196,24475826,5
56420,24477545,5
56532,24474081,5
57364,24473883,5
57492,24474174,5
57572,24476825,5
57636,24476853,5
57796,24474135,5
58076,24475743,5
58252,24477564,5
58276,24476379,5
58628,24475036,5
58652,24473922,5
58900,24475404,5
59060,24475979,5
59084,24474160,5
36468,24475706,6
36476,24477630,6
36508,24477570,6
36804,24474906,6
37036,24474136,6
37156,24475096,6
37244,24475976,6
37500,24473944,6
37724,24474655,6
37844,24475390,6
38140,24475294,6
38292,24475092,6
38372,24475786,6
38396,24475783,6
38524,24475001,6
38540,24474379,6
38596,24474394,6
38604,24477076,6
38748,24475248,6
39044,24477658,6
39364,24476101,6
39452,24474365,6
39572,24475716,6
39596,24474517,6
39820,24476477,6
39836,24476280,6
40148,24474940,6
40172,24474376,6
40228,24476493,6
40332,24475646,6
40468,24476400,6
40484,24475043,6
40516,24475618,6
40636,24476161,6
40732,24474198,6
40796,24475928,6
40924,24477136,6
41172,24473941,6
41468,24475959,6
42116,24476705,6
42300,24474046,6
42380,24477463,6
42572,24476248,6
42732,24476346,6
42876,24474502,6
43020,24477235,6
43052,24474510,6
43108,24474331,6
43172,24476811,6
43420,24475884,6
43492,24476423,6
43596,24475554,6
43788,24475578,6
43812,24477172,6
43820,24477517,6
43908,24476648,6
43924,24474979,6
43988,24476793,6
44068,24474053,6
44300,24475887,6
44436,24475962,6
44604,24477284,6
44700,24475859,6
44780,24476271,6
44932,24476054,6
45052,24473984,6
45324,24477374,6
45436,24477559,6
45444,24475030,6
45492,24475067,6
45876,24475234,6
46068,24475407,6
46100,24477336,6
46164,24474264,6
47084,24475371,6
47180,24476243,6
47204,24477640,6
47252,24476604,6
47308,24474939,6
47348,24475819,6
47380,24475171,6
47428,24476371,6
47476,24477012,6
47700,24477119,6
47828,24476911,6
47972,24474485,6
48220,24475980,6
48300,24476230,6
48628,24475756,6
48804,24476528,6
48980,24475177,6
49004,24476627,6
49060,24476676,6
49076,24474475,6
49204,24475013,6
49276,24476654,6
49452,24475168,6
49612,24476480,6
49740,24474351,6
49964,24475078,6
49996,24476070,6
50060,24476688,6
50212,24473848,6
50236,24475977,6
50388,24477288,6
50420,24475024,6
50468,24474423,6
50508,24474920,6
50740,24476767,6
50908,24475247,6
51172,24476452,6
51324,24476109,6
51356,24477287,6
51364,24476671,6
51380,24474200,6
51412,24476834,6
51532,24476769,6
52156,24477489,6
52220,24474386,6
52692,24475155,6
52916,24475586,6
52996,24476831,6
53124,24474442,6
53140,24477161,6
53156,24475164,6
53276,24475094,6
53516,24475546,6
53796,24475531,6
53956,24474373,6
54084,24474480,6
54204,24475481,6
54460,24474025,6
55100,24475629,6
55164,24474409,6
55172,24474724,6
55612,24477200,6
55748,24474400,6
55804,24473961,6
56204,24477631,6
56484,24475215,6
56588,24477331,6
56596,24474378,6
56788,24477372,6
56812,24474858,6
56868,24477340,6
56892,24477180,6
56980,24477563,6
57060,24477359,6
57100,24476283,6
57204,24476097,6
57220,24474873,6
57428,24474664,6
57476,24475651,6
57516,24474242,6
57596,24476471,6
57972,24476681,6
58196,24477053,6
58332,24476003,6
58412,24475430,6
58428,24475009,6
58532,24476376,6
58556,24477000,6
58676,24474586,6
58684,24474170,6
59308,24474124,6
59428,24477419,6
36356,24476128,7
36444,24477527,7
36540,24474771,7
36572,24474816,7
36652,24475849,7
36724,24476855,7
36764,24476890,7
37028,24477608,7
37492,24474427,7
37564,24476662,7
37660,24476640,7
37932,24475910,7
38004,24475223,7
38060,24475858,7
38388,24476859,7
38668,24475987,7
39132,24476901,7
39164,24474536,7
39180,24475545,7
39300,24476532,7
39332,24474705,7
39348,24477256,7
39380,24477042,7
39764,24474018,7
39812,24476503,7
39980,24476955,7
40300,24474233,7
40324,24475027,7
40348,24477020,7
41236,24476720,7
41396,24475585,7
41828,24476433,7
42020,24474317,7
42060,24477636,7
42100,24477443,7
42252,24474759,7
42372,24474912,7
42508,24475916,7
42628,24476719,7
42676,24476625,7
42684,24475702,7
42716,24474002,7
42740,24476661,7
42796,24474144,7
42828,24477327,7
43084,24474713,7
43100,24475785,7
43212,24477150,7
43252,24474746,7
43268,24476476,7
43308,24477082,7
43508,24475599,7
43548,24473999,7
43572,24474030,7
43636,24475525,7
43876,24476197,7
43948,24473975,7
44004,24477360,7
44308,24476441,7
44332,24475650,7
44804,24475087,7
44900,24475533,7
44940,24474105,7
45076,24475769,7
45132,24475742,7
45316,24474428,7
45404,24474389,7
45412,24474119,7
45516,24474212,7
45556,24475626,7
45628,24475084,7
45796,24473925,7
46180,24474888,7
46396,24476589,7
46436,24475300,7
46484,24474578,7
46532,24475360,7
46596,24477602,7
46684,24474593,7
46876,24474725,7
46900,24477402,7
46916,24475503,7
47108,24476229,7
47228,24475914,7
47404,24474879,7
47484,24477665,7
47532,24473866,7
47564,24474597,7
47732,24473954,7
47748,24477023,7
47756,24476596,7
47924,24477371,7
48100,24475878,7
48348,24475960,7
48364,24474544,7
48420,24475698,7
48668,24474779,7
48788,24477366,7
49196,24475734,7
49324,24475298,7
49628,24474665,7
49732,24474797,7
50036,24474738,7
50260,24475328,7
50404,24477110,7
50564,24474986,7
50732,24474066,7
50820,24475079,7
50964,24476694,7
51124,24477008,7
51148,24475898,7
51228,24475939,7
51284,24477058,7
51292,24476347,7
51420,24475153,7
51436,24474614,7
51460,24474383,7
51500,24477257,7
51700,24474051,7
51748,24476931,7
51780,24475074,7
51892,24474404,7
52068,24476419,7
52140,24476407,7
52228,24477417,7
52260,24474784,7
52316,24474043,7
52348,24474681,7
52572,24474737,7
52612,24475352,7
52636,24473998,7
52652,24476511,7
52940,24475748,7
52972,24474552,7
52980,24474652,7
53060,24476026,7
53260,24474204,7
53372,24477439,7
53612,24474152,7
53700,24474687,7
53860,24477459,7
53964,24477451,7
54012,24474959,7
54124,24474546,7
54156,24477659,7
54284,24476740,7
54324,24475681,7
54340,24476643,7
54348,24476095,7
54412,24476416,7
54444,24476862,7
54508,24475452,7
54636,24476788,7
54716,24474535,7
54836,24474163,7
54884,24477029,7
55284,24477416,7
55340,24474353,7
55452,24476120,7
55540,24474938,7
55604,24477260,7
55772,24476193,7
56220,24476024,7
56228,24477062,7
56908,24476263,7
56916,24476350,7
57228,24473877,7
57420,24474942,7
57628,24474620,7
58068,24476922,7
58084,24475917,7
58220,24477049,7
58260,24475714,7
58812,24477176,7
59020,24474103,7
59076,24475226,7
36388,24477481,8
36420,24475267,8
36532,24476787,8
36548,24475905,8
36564,24475620,8
36932,24474786,8
37196,24476700,8
37596,24475415,8
37604,24476387,8
37828,24475235,8
38036,24476287,8
38068,24476290,8
38132,24475835,8
38212,24476436,8
38468,24477300,8
38564,24476828,8
39100,24477369,8
39532,24475900,8
39652,24476202,8
39788,24474696,8
39948,24475311,8
40132,24475420,8
40340,24476364,8
40452,24474293,8
41004,24476653,8
41060,24473962,8
41116,24474390,8
41308,24474344,8
41508,24474038,8
41868,24476889,8
42076,24474271,8
42212,24475090,8
42308,24474340,8
42348,24475432,8
43324,24475021,8
43852,24474231,8
43940,24476094,8
43996,24476691,8
44388,24474975,8
44396,24477526,8
44684,24475563,8
44908,24477518,8
44916,24476848,8
45836,24474897,8
45916,24476920,8
45964,24475808,8
46044,24475400,8
46380,24476260,8
46444,24475683,8
46692,24475994,8
46812,24475605,8
47044,24476320,8
47076,24476761,8
47388,24476973,8
47436,24475272,8
47452,24473864,8
47772,24475846,8
48124,24475542,8
48140,24477592,8
48148,24476195,8
48180,24477554,8
48308,24474396,8
48412,24474866,8
48644,24475899,3
48684,24475401,3
49108,24474656,3
49172,24474104,3
49508,24477205,3
49764,24475497,3
49852,24476994,3
49948,24477114,3
50004,24475768,3
50676,24475733,3
50772,24475419,3
50828,24477558,3
50892,24475383,3
50916,24475749,3
50932,24474632,3
51164,24474247,3
51188,24475447,3
51876,24474719,3
52524,24477514,3
52588,24475724,3
53004,24476247,3
53132,24475393,3
53380,24474287,3
53588,24475566,3
53836,24473847,8
54220,24476012,8
54372,24475607,8
54524,24477600,8
54572,24474874,8
54780,24475028,8
54828,24475967,8
54900,24474308,8
54972,24475676,8
54988,24476790,8
55148,24474084,8
55228,24475353,8
55524,24476211,8
55532,24477025,8
55628,24477196,8
55668,24474590,8
55732,24475831,8
56396,24476249,8
56476,24475507,8
57156,24476067,8
57292,24477118,2
57388,24475127,2
57404,24474316,2
57724,24475053,2
58124,24477477,2
58580,24476102,2
58596,24475486,2
58716,24476266,2
58796,24474466,2
58860,24475587,2
58948,24475396,2
59028,24474405,2
59140,24475068,2
59172,24476789,2
59196,24473932,2
59500,24476304,8
36396,24475555,9
36436,24473948,9
36460,24475513,9
36620,24475894,9
37020,24474061,9
37276,24474490,9
37508,24475656,9
37620,24477611,9
37812,24477088,9
38380,24476879,9
38788,24475829,9
39140,24474822,9
39660,24476768,9
39668,24476219,9
40060,24474009,9
40108,24476555,9
40116,24477409,9
40460,24477662,9
40492,24475088,9
40596,24474482,9
40644,24475034,9
40676,24474984,9
40756,24476444,9
41068,24477551,9
41124,24474778,9
41156,24475335,9
41164,24476264,9
41196,24476050,9
41692,24476277,9
41756,24475615,9
41788,24474580,9
41916,24476519,9
42356,24476309,9
42612,24475604,9
42724,24476578,9
42924,24477162,9
42932,24475592,9
43316,24476324,9
43388,24476962,9
43524,24476244,9
43556,24475609,1
43620,24474629,1
43692,24476585,1
43724,24474094,1
43868,24476991,1
44148,24476988,1
44316,24476752,1
44708,24476207,1
44756,24474976,1
44996,24474402,1
45236,24474282,1
45508,24475806,1
45812,24476383,1
46196,24476756,9
46332,24476664,9
46700,24476587,9
46724,24477540,9
46940,24475776,9
47260,24477670,9
47492,24477016,9
47684,24476726,9
47812,24474447,9
47988,24475229,9
48028,24473990,9
48132,24473942,9
48188,24475930,9
48284,24475099,9
48444,24474474,9
48524,24475543,9
48764,24473910,9
48948,24474582,9
49476,24476332,9
49716,24476815,9
49724,24477024,9
49780,24474347,9
49796,24474960,9
49892,24475323,9
50244,24474085,9
50492,24477045,9
50692,24474219,9
51196,24475118,9
51316,24477509,9
51332,24475451,9
51508,24475516,9
51548,24475926,9
51556,24477405,9
51812,24476832,9
51852,24476333,9
51900,24474262,9
51996,24477674,9
52052,24477133,9
52340,24476239,9
52540,24474701,9
52556,24475868,9
52748,24475471,9
53244,24474946,9
53524,24476649,9
53580,24475262,9
53668,24475760,9
53676,24476608,9
53732,24475738,9
53980,24475802,9
54028,24473946,9
54052,24476983,9
54140,24477243,9
54212,24476736,9
54364,24474168,9
54844,24477030,9
55292,24476137,9
55492,24474534,9
55660,24475521,9
55980,24476675,9
56100,24475345,9
56900,24474801,9
56948,24477204,9
57252,24476622,9
57340,24477107,9
57484,24474670,9
57564,24476567,9
57612,24474900,9
57644,24477219,9
57684,24476388,9
57700,24476486,9
57876,24476693,9
57948,24476234,9
58284,24474432,9
58300,24474338,9
58340,24476766,9
58564,24474871,9
58764,24475063,9
59236,24475643,9
59452,24477313,9